eda_mean,eda_std,eda_min,eda_max,eda_range,eda_skewness,eda_kurtosis,SCR_Peaks_N,SCR_Peaks_Amplitude_Mean,EDA_Tonic_SD,subject,label,window
0.39374695,0.03601319222156653,0.364565,0.607608,0.24304300000000006,3.2041897184420494,12.413186937276619,6.0,0.08973068718315018,0.023433021702709243,S10,baseline,1
0.37843948,0.003683093004925793,0.369681,0.401661,0.03198000000000001,2.2427669847638474,10.73920512116853,37.0,0.004601580411895963,0.0017173454300911538,S10,baseline,2
0.38479269,0.008766314948363425,0.369681,0.417011,0.04733000000000004,0.7519774249074272,-0.1093458671188885,22.0,0.007562863322862464,0.007660384602139525,S10,baseline,3
0.38616580666666667,0.004793214442239039,0.376077,0.408057,0.03198000000000001,0.7228607878240987,0.7425976096758631,41.0,0.0052901632926616255,0.004249541342412896,S10,baseline,4
0.37546324,0.005963755513857578,0.364565,0.447711,0.08314600000000005,6.8056336954504895,75.06999469551342,8.0,0.023245813226414128,0.0014956602541275176,S10,baseline,5
0.39321395,0.010293936387707413,0.370961,0.409336,0.03837499999999999,-0.38998483384892413,-1.279777718665903,40.0,0.005598061218524609,0.009071460283146073,S10,baseline,6
0.39756735000000004,0.003353581904098963,0.38759,0.409336,0.021745999999999988,0.23273254051239597,0.9018541072227757,44.0,0.005141774939166573,0.0017684898534917515,S10,baseline,7
0.40596727,0.007901826256659493,0.377356,0.43364,0.056284,-0.47767235996043733,2.103132243984328,29.0,0.00857744288858946,0.005518114889089357,S10,baseline,8
0.42034531999999997,0.008557308906675427,0.40294,0.491203,0.08826299999999998,3.575789220798464,24.01206251265168,18.0,0.010975010648208106,0.005430425042662532,S10,baseline,9
0.4236029533333333,0.007913315610064397,0.405498,0.486086,0.08058799999999999,2.8044124485377115,17.034595236406766,11.0,0.017352242674606656,0.003935029857950343,S10,baseline,10
0.42502277666666666,0.004506960579679934,0.405498,0.442594,0.03709599999999996,-0.5699314342360855,2.5008534570027883,35.0,0.005987427803561012,0.002341815141000794,S10,baseline,11
0.40156283000000004,0.02041142332243802,0.379915,0.445153,0.06523800000000002,0.660862885597344,-1.4190046333181954,29.0,0.0064043395119252,0.01947604581145991,S10,baseline,12
0.41535218999999995,0.013969517607535106,0.385032,0.498878,0.113846,2.8353623715018506,12.034984087428372,8.0,0.03165297446664582,0.009217177231817494,S10,baseline,13
0.39448892333333335,0.008201215067951144,0.377356,0.419569,0.042213,1.0435205667114917,0.8661662497897975,46.0,0.004319854923025691,0.006971864137023589,S10,baseline,14
0.42534686000000005,0.004775334997714819,0.406777,0.436199,0.029422000000000004,-0.5142880325287188,0.35546487875100663,53.0,0.004776959157730278,0.0033930793375950823,S10,baseline,15
2.2273861233333334,0.08469733348640984,2.082609,2.415195,0.33258600000000005,0.3879813900351721,-0.7483887057555152,25.0,0.021228047884708095,0.08186387230954914,S10,stress,1
2.40809972,0.4244376563295662,1.964925,3.459306,1.4943810000000002,0.9678523356126107,-0.3795473604877837,6.0,0.24604382300648234,0.39999768080151504,S10,stress,2
3.0586307699999997,0.13799996263556413,2.845302,3.507541,0.6622389999999996,1.0052899977353222,0.7253098932780979,10.0,0.11129420418060505,0.10633686687386548,S10,stress,3
2.975708276666667,0.07984991617190416,2.858094,3.312201,0.45410700000000004,1.5435777558864714,3.921207099061586,11.0,0.07617413948309487,0.06137288976228504,S10,stress,4
2.97782468,0.06557960708424736,2.789018,3.159979,0.3709609999999999,0.45145424060387873,0.36341718712356963,10.0,0.08511328155878757,0.03439929736220271,S10,stress,5
2.89190677,0.09170147638141073,2.689243,3.08067,0.3914270000000002,-0.19455287368208493,-0.6738156333867003,13.0,0.027839528218010518,0.08630710369146029,S10,stress,6
2.4824600366666663,0.1239407762506835,2.259135,2.712268,0.4531329999999998,0.09143555340061588,-1.075807114904437,52.0,0.007954137876093661,0.1242234578419143,S10,stress,7
2.1178596233333336,0.097752212514985,1.953933,2.269369,0.31543600000000027,-0.006789675534963186,-1.3707511069434164,27.0,0.009106773293373612,0.09784506264229892,S10,stress,8
1.8256528233333331,0.06818232011261269,1.714727,1.95777,0.24304300000000012,0.24187703403073743,-1.2310726417623838,22.0,0.008644687335717145,0.06831555143271548,S10,stress,9
4.93181105,0.19601413849858082,4.657315,5.280958,0.6236430000000004,0.5668352541559769,-1.3673959420182251,10.0,0.054427898348901826,0.18857149764976835,S11,baseline,1
4.576231,0.0872373020618665,4.405843,4.714881,0.30903800000000015,-0.08055190112430832,-1.3306959251163992,51.0,0.011557198487589631,0.08609630440309397,S11,baseline,2
4.21259756,0.14186056698598945,3.910863,4.423753,0.5128899999999996,-0.1346625366596316,-1.4404886323828348,16.0,0.014374482927399922,0.14047928603895946,S11,baseline,3
3.8254160699999997,0.22814734386673252,3.262136,4.063094,0.8009580000000005,-1.4211412864876078,0.9560987046068878,7.0,0.06530561787462694,0.21885429371253198,S11,baseline,4
3.045440376666667,0.10596537299606315,2.862103,3.263415,0.40131200000000034,0.033823159587263625,-0.9757758975010882,7.0,0.05695554215945938,0.09977073297082796,S11,baseline,5
3.152962636666667,0.04572351619452862,2.975957,3.27914,0.30318299999999976,-0.4574269859184332,1.057880254097538,16.0,0.06754377885196094,0.0253335767008504,S11,baseline,6
3.1098731766666665,0.023988716672749603,3.02201,3.176799,0.15478900000000007,-0.4434425637159256,0.8373298010967885,23.0,0.024641129400080196,0.02089833224623385,S11,baseline,7
3.0547076099999995,0.02297030698077915,2.973398,3.093648,0.12024999999999997,-1.1315040212801177,1.9407328133886117,40.0,0.008552225309983863,0.02164894071097112,S11,baseline,8
2.8906847566666665,0.10577064882075803,2.229848,3.034802,0.804954,-3.4970212731934636,17.371417382932272,11.0,0.07610214359893099,0.05326398731279059,S11,baseline,9
2.787749163333334,0.02518342973670033,2.736737,2.862103,0.12536599999999964,0.44546591731637414,-0.2565105304251274,21.0,0.03089079448134429,0.021781088351190993,S11,baseline,10
2.7343915833333337,0.039292669022559276,2.626721,2.853149,0.2264280000000003,-0.4306472339092176,-0.05442377348229144,29.0,0.0522736963080883,0.02508050814333025,S11,baseline,11
2.58797726,0.09327731296086454,2.41406,2.746971,0.33291099999999973,-0.47622647045968797,-1.177561724170069,24.0,0.018796521400593,0.09113247905156191,S11,baseline,12
2.463251943333333,0.12254344286159688,1.979115,2.58548,0.606365,-2.0701700420982,4.582502480489815,10.0,0.13828832839095076,0.07891091937926789,S11,baseline,13
2.48740847,0.02447385765197428,2.421736,2.520238,0.09850199999999987,-0.8467109865320653,-0.21441209465131816,38.0,0.0073378931075883495,0.023397560633941845,S11,baseline,14
2.3923856900000002,0.025370525268387727,2.34626,2.444762,0.09850199999999987,0.1572954147794654,-0.8012512291705227,34.0,0.007588313462429898,0.023795169839854583,S11,baseline,15
3.08808749,0.07989037002302948,2.869779,3.36357,0.4937910000000003,0.0943487983132857,0.9457496328703114,27.0,0.08471923249699996,0.05435376710957091,S11,stress,1
3.06035335,0.08660714115999615,2.778952,3.216456,0.4375040000000001,-1.1455757294583724,0.862861714684088,22.0,0.1262752866804664,0.03564901978432897,S11,stress,2
3.089055486666667,0.09993064906622236,2.842915,3.368687,0.5257719999999999,-0.3797249057792325,-0.3658383860921117,21.0,0.11362955725047467,0.05357982220740801,S11,stress,3
2.927929526666667,0.1970775265583808,2.561479,3.267626,0.7061470000000001,0.07237718521614031,-1.557595877665897,14.0,0.2144894848658617,0.15128483821945626,S11,stress,4
3.017882253333333,0.11351826201712727,2.718827,3.299608,0.580781,0.08762266227670927,-1.0905852636704434,12.0,0.10366032234390272,0.09579421113841531,S11,stress,5
3.1979257700000003,0.1476393845157984,2.874896,3.546129,0.671233,0.48864707045911326,-0.7301616383794891,14.0,0.09367949932534914,0.13794754031878265,S11,stress,6
3.59330782,0.15253091494555324,3.355521,4.028554,0.6730329999999998,0.7023686029919008,-0.26930317826715733,11.0,0.1574213121366018,0.12382640656032211,S11,stress,7
4.2274429200000005,0.27476006462639413,3.742002,4.839509,1.0975069999999998,-0.016550738471016055,-0.8025337320229657,11.0,0.34419356798825135,0.21676451821197637,S11,stress,8
4.809427706666667,0.13420114583490195,4.537606,4.993758,0.45615199999999945,-0.3041189718611227,-1.213540854567535,10.0,0.08736792158474478,0.12394571253197716,S11,stress,9
8.377252036666665,0.361955903114687,7.508468,9.165894,1.657426,0.6715507365554595,-0.8744549308568277,15.0,0.2118495849606486,0.326621812385856,S13,baseline,1
7.997354966666668,0.09567108300936894,7.559638,8.281136,0.7214980000000004,0.11110025745484939,1.6620767762377606,12.0,0.12177518359596222,0.06160381749221325,S13,baseline,2
7.574484026666666,0.2511051365603645,7.011189,7.961323,0.9501340000000003,-0.5888239039974827,-0.5692114030248603,20.0,0.05288736611730347,0.2429507397852718,S13,baseline,3
6.78016289,0.17737261072778746,6.348374,7.321314,0.9729400000000004,0.13948082957184835,0.20520888962632755,12.0,0.15909716813147579,0.14036901131583468,S13,baseline,4
6.227126620000001,0.19788861405104205,5.720704,6.69761,0.9769060000000005,0.3708469324506221,-0.2540326756458775,15.0,0.13442876115395733,0.18368197745381723,S13,baseline,5
5.582995926666666,0.13302086733810337,5.252815,5.904916,0.652101,0.009800746611671783,-0.9416695833471782,17.0,0.0870679896041287,0.1183830783076808,S13,baseline,6
5.164965153333333,0.16324560407677083,4.90549,5.435748,0.5302579999999999,0.130716264943811,-1.3362177261147767,57.0,0.009849873434022749,0.1621386845268207,S13,baseline,7
4.646835783333334,0.31265819827349756,2.841262,5.304616,2.4633540000000003,-2.2688836902981184,8.410629150376849,7.0,0.46324555951127566,0.1939445864971949,S13,baseline,8
4.204924306666666,0.18417988474912042,3.662688,4.535048,0.8723599999999996,-0.98100662245459,0.5538494828398681,16.0,0.19163102952164007,0.15574137526243517,S13,baseline,9
4.00605643,0.07026384201018164,3.492548,4.143687,0.6511389999999997,-1.358980325312185,8.911550469524538,9.0,0.08191550721110188,0.06068609321019311,S13,baseline,10
3.7307785933333335,0.07378262910663969,3.621752,3.877603,0.2558510000000003,0.5587963152481011,-0.916241563763156,41.0,0.009502950581831458,0.07230622145470159,S13,baseline,11
3.5599063899999996,0.03734681194093057,3.441378,3.634398,0.1930200000000002,-0.0346961684255805,-0.7993276431982999,19.0,0.024110593579995277,0.0308268100742831,S13,baseline,12
3.5664526466666673,0.05489198950747268,3.415646,3.704757,0.2891109999999997,0.37707769704900385,-0.661880780527321,14.0,0.03425338599291096,0.045680854684507465,S13,baseline,13
3.416353786666667,0.05185055099509058,3.297955,3.529499,0.23154399999999997,-0.1461966745827995,-1.2513553199156797,13.0,0.027045633513683904,0.04558730173691589,S13,baseline,14
3.2760668066666665,0.044355604365956834,3.200732,3.360638,0.15990599999999988,0.29817987815772545,-1.0815323177364626,18.0,0.024889507839297345,0.04007658285229361,S13,baseline,15
11.053736243333335,0.5449061880492679,9.890457,12.393175,2.5027179999999998,0.30077461179544446,-0.6506055341372821,15.0,0.4284099007998066,0.4990201021544465,S13,stress,1
12.545328513333335,0.39468284373420204,11.539915,13.410475,1.8705599999999993,-0.04134120847944131,-0.6546537856401424,20.0,0.26586402090277944,0.33398797696757015,S13,stress,2
13.487004513333334,0.31954930900510986,12.352534,14.172513,1.819979,-0.5219691290419466,-0.06270333787584237,18.0,0.21187499102577861,0.2683919223416882,S13,stress,3
14.288706163333332,0.3741047146269744,12.983477,15.14881,2.1653329999999986,0.12635673168943787,-0.12380167052799917,18.0,0.329040337149311,0.29280020956890246,S13,stress,4
15.28315617666667,0.28063912235093924,13.967243,15.780756,1.8135130000000004,-1.2495489264938708,2.5365731033605425,16.0,0.2625780054346106,0.1568094369014373,S13,stress,5
15.561902366666667,0.32145160713471665,13.558473,15.902286,2.343813000000001,-2.8866655996751,10.62125435494224,12.0,0.22583882632940366,0.1210356469221724,S13,stress,6
15.183238036666667,0.6088773732723819,13.376819,15.921474,2.5446550000000006,-1.1683694730006113,0.1840238768382063,17.0,0.27104043155712443,0.48245472374833626,S13,stress,7
14.797285336666665,0.3726905467033787,13.456132,15.619571,2.1634390000000003,-1.050875263716346,2.0892695704815574,9.0,0.28685182782849317,0.17764769593133553,S13,stress,8
0.2887205066666667,0.0037273907678994737,0.277864,0.303449,0.025585000000000024,1.2829008287034862,2.202354204414194,39.0,0.0042781755128763355,0.0037685025558883184,S14,baseline,1
0.28350534,0.0030565385003955064,0.274026,0.293215,0.01918900000000001,0.002911200132374413,-0.5507150226717195,43.0,0.0037828551481821097,0.002254287536007729,S14,baseline,2
0.27551004333333334,0.011528052521629816,0.251,0.349502,0.09850199999999998,3.1266242483409443,15.334964338455691,8.0,0.0228094083240284,0.007994025860022255,S14,baseline,3
0.26829932666666667,0.001960724626242947,0.261234,0.272747,0.011512999999999995,-0.7335986379074477,1.662259619255194,79.0,0.0027281987146890044,0.001079778321036553,S14,baseline,4
0.26567683000000003,0.00256361069088762,0.251,0.272747,0.021747000000000016,-1.1881792468876506,4.482292883556042,45.0,0.0031631629239490824,0.00125064735521418,S14,baseline,5
0.26952740999999997,0.0020077121577971933,0.261234,0.274026,0.01279199999999997,-0.7904255189732835,1.251792234929804,88.0,0.002349841724172714,0.0014592339498695776,S14,baseline,6
0.27862295000000004,0.004119110964860418,0.265071,0.28426,0.01918900000000001,-0.7451016458206288,-0.2885522536625631,79.0,0.0025495970071919053,0.0037263701992602733,S14,baseline,7
0.27571045666666666,0.0037023512981332416,0.265071,0.288098,0.02302700000000002,0.04590267796181875,-0.3405503130906684,67.0,0.0030900377003652154,0.0033886213310664604,S14,baseline,8
0.27822635333333334,0.004648312702672039,0.266351,0.286819,0.020467999999999986,-0.4265586159814868,-1.2201925071227029,86.0,0.0026561406255647736,0.0041933632227515935,S14,baseline,9
0.28829825,0.003028742887871689,0.277864,0.295773,0.017909000000000008,-0.39995091951624195,-0.023444252001740384,80.0,0.0026170095913544116,0.002934516667114607,S14,baseline,10
0.28875451999999996,0.003453943260912087,0.279143,0.306008,0.026865000000000028,1.4029023975132748,5.408608147512906,73.0,0.0030896837010962737,0.0022381739240098556,S14,baseline,11
0.29207215999999997,0.003941985715482319,0.281702,0.307287,0.02558499999999997,0.4571059532242679,0.17516631587836828,38.0,0.004122057809497374,0.0031778116923559916,S14,baseline,12
0.29615724666666665,0.007407618080450846,0.26763,0.311125,0.043495000000000006,-0.8041036053603043,0.6588642475349618,33.0,0.004936176059977298,0.005841260830230684,S14,baseline,13
0.30913327,0.0023588415003485655,0.300891,0.314962,0.014071,-0.10986435027261382,0.08375228875831064,81.0,0.0026842776875946315,0.001923723421680295,S14,baseline,14
0.31014381999999996,0.003711713245156031,0.30217,0.317521,0.015351000000000004,0.1591451516431226,-1.2295602896094284,79.0,0.0023425097601144185,0.003175341073076713,S14,baseline,15
0.33566918,0.00572457654279045,0.313683,0.344385,0.030702000000000007,-1.9693634345891822,4.100788560064377,46.0,0.0035764280756917927,0.004314749397142526,S14,stress,1
0.3395410466666667,0.004025310644470671,0.329034,0.349502,0.020467999999999986,0.1995487083608474,-0.06735493573012219,42.0,0.003940860372717466,0.0028677631885219595,S14,stress,2
0.34055588,0.0023168530090620777,0.330313,0.348223,0.01790999999999998,-0.5174315328924125,1.8997412594220884,53.0,0.0038531990625102763,0.000911720691749393,S14,stress,3
0.3482484833333333,0.004919086212199942,0.334151,0.355898,0.021747000000000016,-0.4487548121278389,-1.0479603101154507,78.0,0.0029040224323953405,0.004428539276608251,S14,stress,4
0.35803894333333336,0.019023723143313867,0.341827,0.57465,0.232823,6.481084534828078,63.81797217113422,2.0,0.1228172221248233,0.011440215382589375,S14,stress,5
0.3271407766666667,0.029914502111296933,0.291936,0.380204,0.08826800000000001,0.3984550675615531,-1.5054249025027417,32.0,0.0046739776635442935,0.029175551666564117,S14,stress,6
0.31230580999999996,0.008481505296854245,0.293215,0.329034,0.03581899999999999,0.16447493595240747,-1.0844736093538179,41.0,0.0034352191490183465,0.007687177993169878,S14,stress,7
0.3295799166666667,0.002192707233016358,0.322638,0.334151,0.011512999999999995,-0.5490149288810561,0.3971410767783756,78.0,0.002776965329403747,0.0011410708611913855,S14,stress,8
0.33453914,0.0025061718351036206,0.326476,0.343106,0.016630000000000034,-0.026271378703541588,0.4436272498259619,65.0,0.0028503892636009037,0.0015275025896270469,S14,stress,9
0.24413429999999997,0.015532529933551281,0.221577,0.277864,0.056287000000000004,0.5252268519967781,-1.1459692465131945,15.0,0.010719775728808507,0.01441313363230923,S15,baseline,1
0.26475582333333336,0.00436182306138028,0.251,0.275305,0.02430500000000002,0.1392566433147335,-0.49658642280918697,78.0,0.0032846790146485202,0.003719752845491223,S15,baseline,2
0.2654082733333333,0.006584619994498963,0.248441,0.275305,0.026864000000000027,-0.37176398927026966,-1.3434567869891831,47.0,0.003380740544166559,0.005357948156829465,S15,baseline,3
0.27124585333333334,0.005141986938122484,0.24972,0.279143,0.029422999999999977,-1.6421268129649047,1.8727562979052172,46.0,0.003617063521056947,0.004098513957522834,S15,baseline,4
0.26484968666666664,0.008441412148163106,0.242045,0.277864,0.03581899999999999,-0.16764633707915422,-1.570557426046997,32.0,0.003931077920547267,0.007230516511954554,S15,baseline,5
0.25946825333333334,0.015912562945960513,0.236928,0.288098,0.05117000000000002,0.32296932559116637,-1.4449626457481148,37.0,0.007011195756066192,0.01500870165415433,S15,baseline,6
0.2600439366666667,0.01004778350745355,0.231811,0.277864,0.04605300000000001,-0.6980393248237707,-0.42305435150932036,29.0,0.007815676194297714,0.008791507551673143,S15,baseline,7
0.27806002666666674,0.012253426357525021,0.245883,0.293215,0.04733200000000001,-1.2269359743138368,0.6351005911171228,44.0,0.003436676836152106,0.011826703521082825,S15,baseline,8
0.2902427533333333,0.005975508419581459,0.274026,0.303449,0.029423000000000032,-0.15031424676192634,-0.5056217991238321,65.0,0.002844241771970482,0.005604771833314806,S15,baseline,9
0.30482216,0.007207311856792838,0.279143,0.317521,0.03837800000000002,-1.0656538129834294,0.9693893767988451,48.0,0.003630084136181515,0.006051031056146853,S15,baseline,10
0.28368028666666667,0.011092583161035525,0.266351,0.307287,0.04093599999999997,0.9578907219913327,-0.6184721482082236,42.0,0.005449333266946314,0.010264773651854613,S15,baseline,11
0.31373428666666664,0.006040794449779671,0.282981,0.321359,0.03837800000000002,-2.361756890242208,8.135391120003764,46.0,0.0031870483323187247,0.003382333394979349,S15,baseline,12
0.30402047666666665,0.01073772177059868,0.276585,0.330313,0.053728,-0.48584780242400566,-0.815132656624109,32.0,0.006674430960311334,0.006523673202458278,S15,baseline,13
0.31454017,0.012432362671180672,0.282981,0.331593,0.048612000000000044,-0.8109323599956922,-0.7155978142049788,20.0,0.008647897704801885,0.009062262146030857,S15,baseline,14
0.3076108266666666,0.018560990049652226,0.276585,0.334151,0.05756599999999995,-0.06580766611459797,-1.6032119508304126,20.0,0.00681391953272392,0.015615533397379963,S15,baseline,15
0.95166163,0.06998277219454156,0.787006,1.12096,0.333954,-0.15875084319767455,-0.42210091471898714,30.0,0.031732356904186396,0.06365082023741561,S15,stress,1
1.1837793966666668,0.054717196425553956,1.087699,1.333315,0.24561600000000006,0.05829805526375509,-0.7658207481798307,17.0,0.031866471943257625,0.04242101900400003,S15,stress,2
1.3081567033333332,0.03272607121570388,1.219462,1.406233,0.18677100000000002,0.2192326370425563,0.982152564723386,18.0,0.033106817268156535,0.01805680506099355,S15,stress,3
1.3782312633333333,0.027930702267588182,1.288542,1.486825,0.198283,0.3471819100733731,1.4247500819455703,19.0,0.022232050397906853,0.019495699204268094,S15,stress,4
1.4405216433333334,0.08341523515507297,1.293757,1.576472,0.28271500000000005,0.05366946577124578,-1.6546591316373118,14.0,0.03793852612182756,0.07758440774051462,S15,stress,5
1.4968939866666664,0.0434529658711557,1.435754,1.642993,0.20723899999999995,0.9870414216555806,0.9300432400892711,9.0,0.03438668646041784,0.035883777837913876,S15,stress,6
1.4349527066666667,0.027498625171947948,1.389701,1.512509,0.12280800000000003,0.5347708992784322,-0.6252273499530103,14.0,0.024847895303601184,0.02053568845883464,S15,stress,7
1.3973512300000002,0.03601043239660465,1.295037,1.458781,0.1637440000000001,-0.7118386788830651,-0.09431948186456918,15.0,0.022851918483405457,0.031608728027922244,S15,stress,8
1.2751059366666668,0.028480987757554834,1.195255,1.337252,0.14199700000000015,-0.15171505053190731,-0.024572687222698786,21.0,0.01481348118283756,0.023902979862802775,S15,stress,9
0.29041638000000003,0.007509765910395165,0.272513,0.307057,0.03454400000000002,0.11599545044871008,-0.8225940996723171,35.0,0.005128949755940219,0.006437578939881385,S16,baseline,1
0.27979301333333334,0.005868684468699569,0.264837,0.292984,0.028147000000000033,0.019051971329731642,-0.2647521446461125,42.0,0.004705292372031126,0.004884300309710895,S16,baseline,2
0.27557093666666665,0.0049525563459007944,0.262278,0.286587,0.02430899999999997,-0.872226385313155,0.16916174196009326,45.0,0.003975383186724535,0.0035416234691868463,S16,baseline,3
0.27753272999999995,0.0031087476777259793,0.264837,0.286587,0.02174999999999999,-0.6709788730028174,1.5391303441973796,40.0,0.0033921436803682676,0.0014751697340012319,S16,baseline,4
0.2819594733333334,0.0035875913427566137,0.271234,0.291704,0.020470000000000044,0.1515685830936517,0.5254705347280724,43.0,0.004689674780571304,0.0015144879258832374,S16,baseline,5
0.28122594666666667,0.004856219889017474,0.269954,0.292984,0.023029999999999995,0.49269116881395025,-0.2768849768033568,53.0,0.0038856368350164545,0.003925396662005393,S16,baseline,6
0.28654831333333336,0.004732608819860591,0.275072,0.296822,0.02174999999999999,-0.14413639705854236,-0.7834982695989976,49.0,0.003858634895790564,0.0037763373070323317,S16,baseline,7
0.2883565633333333,0.009645467824803638,0.277631,0.356954,0.07932299999999998,5.448737004627707,31.885423062170783,8.0,0.012289603357381426,0.005136744351502632,S16,baseline,8
0.29143566666666665,0.002487164489042806,0.282748,0.303219,0.020471000000000017,0.9767889168517481,4.5353072182388985,64.0,0.002874335380458744,0.0014273091321127308,S16,baseline,9
0.29400734000000006,0.006259087653250008,0.277631,0.314734,0.037103,0.9719020140710716,1.5014269393786805,37.0,0.004029842648688229,0.004765130975221176,S16,baseline,10
0.2976876866666667,0.008540978237599927,0.28019,0.324969,0.04477900000000001,0.19031102073859982,0.6252221455096301,28.0,0.005822334058045425,0.0071275257886423285,S16,baseline,11
0.2866379066666666,0.006060520519280684,0.267396,0.307057,0.039661,-0.052711267022680544,0.6017633975371468,28.0,0.00699567172040841,0.002873320043239185,S16,baseline,12
0.28224952333333336,0.004913879369309161,0.268675,0.298101,0.029426000000000008,0.8484376821229483,0.8651415059118803,24.0,0.009283361627106997,0.0020948072326387253,S16,baseline,13
0.2845566366666667,0.0019693659719113125,0.277631,0.287866,0.010234999999999994,-0.6489093188712967,0.28382126183937517,74.0,0.002388322083788351,0.0011577923396249865,S16,baseline,14
0.2918323033333333,0.0053322430481604595,0.27891,0.303219,0.024309000000000025,0.09836925703115593,-0.8981848832340065,46.0,0.006100435495572383,0.0036565906101834514,S16,baseline,15
1.54967286,0.08648702073829961,1.387211,1.73019,0.3429789999999999,-0.07934699768346713,-1.1408467146321322,17.0,0.05753610031550014,0.08223853503849735,S16,stress,1
2.0084667733333332,0.17150996262950816,1.647029,2.294607,0.647578,-0.31101316724744843,-0.8600058368833499,17.0,0.05985758467165357,0.15799605267069125,S16,stress,2
2.2946707933333332,0.06086668484595895,2.143637,2.425106,0.28146899999999997,-0.3359515199945321,-0.18987488716388956,16.0,0.06008581323800185,0.048914366292251016,S16,stress,3
2.3637230833333334,0.04824825087837957,2.290769,2.533335,0.24256600000000006,1.0180291383526785,0.8863505930584576,13.0,0.05150485163195769,0.03247098863180947,S16,stress,4
2.47359986,0.054589708559645816,2.374689,2.656158,0.28146899999999997,1.056461629132007,1.2301583208462596,13.0,0.06380896222208056,0.021640513901212827,S16,stress,5
2.2027327399999996,0.13405068782414262,1.972956,2.429703,0.456747,-0.01443283348840345,-1.326729408172307,21.0,0.011597288514986195,0.1336942232353424,S16,stress,6
1.828011706666667,0.07773476861032405,1.699683,1.98447,0.2847869999999999,0.2837272818892257,-0.9916827137173256,27.0,0.007866241939635695,0.07747055235361278,S16,stress,7
1.6447798933333333,0.044784994802820076,1.570464,1.744463,0.17399900000000001,0.04235263844768916,-1.0717213533204248,28.0,0.006350104885694727,0.04246964333928146,S16,stress,8
1.967606686666667,0.11536103189402891,1.844256,2.425865,0.581609,1.6667895055318716,2.728000125688897,11.0,0.15162068640301593,0.09514494073929254,S17,baseline,1
1.7868065999999998,0.03746096672867195,1.722713,1.903109,0.180396,0.2187906556248518,-0.8357204907947118,12.0,0.024723785777288718,0.036309024758361896,S17,baseline,2
1.674389583333333,0.028669587922681934,1.62164,1.730389,0.10874899999999998,0.03557342401466543,-1.068900709934831,74.0,0.005425806988321243,0.02861727704571653,S17,baseline,3
1.5757432166666667,0.02659184167715837,1.528243,1.625478,0.09723499999999996,0.05770178226143382,-1.1571509660531014,79.0,0.005160397969709378,0.026423466590314283,S17,baseline,4
1.4972562033333334,0.019094691631323168,1.462994,1.53464,0.0716460000000001,0.17217109395285535,-1.0808344104064784,84.0,0.005281431882950667,0.018865089253063693,S17,baseline,5
1.4516466233333332,0.019054548802358368,1.419295,1.487103,0.06780800000000009,0.03836983068469321,-1.1995224936649311,81.0,0.005306186057040864,0.01858003297699377,S17,baseline,6
1.3875270566666666,0.022808882685921367,1.34253,1.424412,0.08188200000000001,-0.31900522295513795,-1.1883748004176333,36.0,0.013431677215985354,0.02047505770306475,S17,baseline,7
1.3099268800000001,0.023560127779483703,1.272163,1.369398,0.09723499999999996,0.44768380087227094,-0.7309686920282674,35.0,0.007913861717949038,0.023195035877254043,S17,baseline,8
1.2488523266666667,0.013892305706395708,1.219707,1.277281,0.057574000000000014,0.17638577385709892,-1.0182609287170936,52.0,0.006148427756297771,0.013573941181945218,S17,baseline,9
1.2272388433333332,0.0107017738398262,1.201796,1.247854,0.04605799999999993,0.24166291863315503,-0.6980235716460932,33.0,0.007082460511463957,0.00930438537062564,S17,baseline,10
1.21964353,0.020152455573513466,1.182605,1.245296,0.06269100000000005,-0.539274466681016,-1.5038344980878466,56.0,0.005572332509783719,0.0197073009214474,S17,baseline,11
1.1661046266666666,0.028505580455657365,1.112237,1.339972,0.22773500000000002,2.7562078538908095,10.915270646157014,6.0,0.03531074653836746,0.02277355002525232,S17,baseline,12
1.1358595233333335,0.005178392897684448,1.119914,1.15062,0.0307059999999999,-0.13470418021350708,0.30120188296895334,61.0,0.0045730021082908395,0.004362751083178732,S17,baseline,13
1.1105997666666667,0.012207916845182458,1.087929,1.131428,0.043499000000000176,0.16307195936650087,-1.3992222653215762,88.0,0.005175240174259045,0.011704896518384845,S17,baseline,14
1.0739703866666666,0.016856566593185223,1.036753,1.160855,0.12410199999999993,1.6002883745912784,5.573646458238638,18.0,0.016595614517806057,0.013276145729131062,S17,baseline,15
1.0390290133333333,0.014966107778126157,1.00211,1.094227,0.092117,0.46627326416960113,0.5635978194380198,28.0,0.022217223614758665,0.009642791898579996,S17,stress,1
1.0585100833333334,0.02538316492447417,1.009786,1.26055,0.250764,3.151976466674195,23.388205029730152,17.0,0.04053727471692695,0.015022636978791656,S17,stress,2
1.0369393133333336,0.02333271782001592,0.989316,1.145403,0.15608699999999998,1.4660144444896759,4.632652901973229,14.0,0.03778039526126586,0.011911227741910875,S17,stress,3
1.0155604200000001,0.02172014200437617,0.982919,1.240079,0.25715999999999994,6.067001444405617,53.15576093230353,6.0,0.06452485322678769,0.009732058489660434,S17,stress,4
1.0144900099999998,0.03039870522149312,0.976522,1.247755,0.27123299999999995,4.0173669428507575,23.319759137438435,5.0,0.08904347952792864,0.021355594900382316,S17,stress,5
1.0097817533333333,0.02996877445463009,0.982919,1.306608,0.323689,6.497247042423317,57.815733011368486,2.0,0.193486890736914,0.01422069414932483,S17,stress,6
1.05904164,0.10895745645322795,0.990595,2.016777,1.026182,3.879120974167418,23.317946004430638,6.0,0.3686072508614921,0.06523425679034121,S17,stress,7
1.1038232066666664,0.08793719479202541,1.054664,1.704602,0.6499379999999999,4.546145123790132,21.5308308331349,3.0,0.22885791753895665,0.050039542609497424,S17,stress,8
1.08513536,0.015229217392796868,1.06362,1.228663,0.16504300000000005,3.9639048475357597,29.668681269547807,7.0,0.04554529143668128,0.007946482448012951,S17,stress,9
1.2351365033333332,0.17097482331131875,0.944776,1.640539,0.695763,0.38951032396515084,-0.7147892846590729,14.0,0.10788612771202923,0.15974771986913638,S2,baseline,1
0.7074897333333333,0.10084825628498602,0.542339,0.954928,0.412589,0.2483393849681271,-0.8168401465832971,9.0,0.030531440770072138,0.10194828493765333,S2,baseline,2
0.50796074,0.01911666288553174,0.468022,0.567966,0.09994399999999998,0.5160757765588571,-0.18304081866945277,15.0,0.031686146947751424,0.010711021722128898,S2,baseline,3
0.4271551133333332,0.04548173526351528,0.362884,0.508955,0.14607100000000006,0.2621835019378255,-1.2455710669370366,20.0,0.003843665915506654,0.045339535983861604,S2,baseline,4
0.3267458133333333,0.030950003714891896,0.269346,0.389792,0.12044600000000005,-0.010873495930586076,-1.0106618196517063,18.0,0.009201139990612913,0.029284518889111724,S2,baseline,5
0.22815155000000004,0.022932563932412064,0.189904,0.268065,0.07816100000000001,0.028821624109922957,-1.3074740998194738,19.0,0.004806233430689123,0.02263364568340161,S2,baseline,6
0.17187564333333333,0.010872327979605943,0.154027,0.192467,0.03844,-0.019592432791278078,-1.2377486098702375,30.0,0.004043568023650188,0.010058770353872742,S2,baseline,7
0.14403224,0.006475461710364752,0.127119,0.164277,0.037158,-0.9050563439055025,1.3669935283979195,27.0,0.0034289568240473433,0.005745808805820172,S2,baseline,8
0.11755135333333333,0.0067577937712803545,0.104055,0.130963,0.026908,0.11876043447779557,-1.0778426011556845,71.0,0.0024764137644029452,0.00660963355214657,S2,baseline,9
0.10103929333333334,0.0061229730159421385,0.091241,0.114305,0.023064,0.5606976842887501,-0.6398328167219134,81.0,0.0023803476425312436,0.005501899176747987,S2,baseline,10
0.11488194333333335,0.0013963699390880937,0.110461,0.118149,0.007688,-0.3449336003575314,0.13134777329190772,80.0,0.002014703384318914,0.0009677311611925057,S2,baseline,11
0.10527194000000001,0.007513096535366316,0.091241,0.129681,0.03843999999999999,0.7741837015685433,-0.35408117214900114,16.0,0.008816797114627548,0.005665929370037451,S2,baseline,12
0.09902759333333333,0.004791608514332345,0.092523,0.125837,0.03331400000000001,3.641174140878413,16.28127271096754,68.0,0.002255873976495003,0.0045670161886759075,S2,baseline,13
0.09602498666666667,0.008734006128527478,0.074584,0.110461,0.035877000000000006,-0.9916232293101537,0.19400952056193432,39.0,0.004114694493859085,0.0071561084088909285,S2,baseline,14
0.11959291333333333,0.011707013952861289,0.077147,0.145057,0.06791,-1.839258471889943,3.363610244939252,21.0,0.009917717031347442,0.008042489900114913,S2,baseline,15
0.70985097,0.04624957007838848,0.626838,0.807505,0.18066700000000002,-0.2519695878947236,-1.1063716826830137,33.0,0.012185653568469393,0.04472356760747021,S2,stress,1
0.6082455066666667,0.0169033604736836,0.579428,0.66784,0.08841199999999994,1.1653227844773713,1.5683142901103815,11.0,0.018377023548739126,0.008949920015892296,S2,stress,2
0.6184236933333334,0.04778127234945321,0.546114,0.722938,0.17682399999999998,0.2990602787428277,-1.4172596562686146,18.0,0.02420786592011222,0.04375690135109862,S2,stress,3
0.7740200566666666,0.07192031236496026,0.672966,0.995861,0.32289500000000004,1.103356024013161,0.3044899855748633,14.0,0.04899022102039226,0.0627931591005795,S2,stress,4
0.9830938400000002,0.06421228176624573,0.897199,1.159941,0.26274200000000014,0.6483901577401028,-0.34457906366007895,12.0,0.04612525596916529,0.05410355054268623,S2,stress,5
1.0202114266666669,0.04326953079505973,0.94724,1.152253,0.205013,0.7553185402484062,0.5909945575150237,8.0,0.05915038455655196,0.029881307952166238,S2,stress,6
1.0586513466666667,0.04294938827526909,0.997212,1.183004,0.18579199999999996,0.8109527406406133,-0.20377509247254588,8.0,0.04995320306989534,0.03426140967844658,S2,stress,7
1.1224231766666666,0.038783591240181145,1.058715,1.238102,0.17938699999999996,0.4197265581746534,0.090203240143651,10.0,0.03708728984254122,0.03069342560187378,S2,stress,8
5.979389053333333,0.40548081182590767,5.191364,7.186026,1.994662,0.42978619468575424,0.2357838992702619,10.0,0.26679008748960226,0.3829757661842544,S3,baseline,1
4.640682413333334,0.36632318940588854,3.963542,5.492458,1.5289160000000002,0.09212238521773353,-0.5619354826580549,16.0,0.13332600708052522,0.35282790236141054,S3,baseline,2
3.2700639566666667,0.3712953721527127,2.665559,3.960979,1.29542,0.2502819326995546,-0.9951978632893024,6.0,0.0330059955462441,0.36985400345755054,S3,baseline,3
2.4132953066666665,0.1412852114530013,2.164186,2.820591,0.6564049999999999,0.7041013094906171,-0.3114627456106387,10.0,0.08822486960283767,0.13502650679161898,S3,baseline,4
2.0714876,0.04316731140365357,1.987373,2.22953,0.24215699999999996,1.0981752754885752,1.798403666100127,10.0,0.054714958447344454,0.03387869238566964,S3,baseline,5
1.7579363933333332,0.135171565009011,1.480483,2.02453,0.544047,0.3953193763056492,-0.9232062795405751,10.0,0.04527496496669354,0.13153003649961173,S3,baseline,6
1.32673964,0.08582683717305678,1.161251,1.563764,0.4025129999999999,0.4507512684106908,0.16962450681624164,14.0,0.04477571708106398,0.085413520573935,S3,baseline,7
1.0626798533333333,0.07065166719654832,0.943438,1.226595,0.2831570000000001,0.419763903530602,-0.7071769384790283,11.0,0.0628098307124369,0.06702766176289657,S3,baseline,8
0.8784647366666667,0.08000370446677654,0.77037,1.025339,0.254969,0.6677564336491046,-0.8434761870329006,9.0,0.028445772845182755,0.07728132973082823,S3,baseline,9
0.69685119,0.04402889209379715,0.621744,0.771651,0.149907,-0.14297249774299267,-1.158386270841588,22.0,0.0039038449008057933,0.04384500535531203,S3,baseline,10
0.59218992,0.016106276368761756,0.555119,0.649932,0.09481299999999993,-0.06723909588929834,0.8269901914918472,6.0,0.02022903430736295,0.012509064289381042,S3,baseline,11
0.5396622333333333,0.0357625105028374,0.469275,0.588432,0.11915699999999996,-0.36647401080688796,-1.4373484721536365,9.0,0.015580572193424977,0.03414954022243553,S3,baseline,12
0.4357394799999999,0.02378949977103904,0.401299,0.480737,0.07943800000000001,0.30148753552282725,-1.2749392410519467,72.0,0.0018214684265680336,0.023811468451676115,S3,baseline,13
0.39294559333333334,0.011136034553703976,0.374393,0.411549,0.03715600000000002,0.05903700648239651,-1.3335433852293708,78.0,0.001839418236383254,0.010851282891523718,S3,baseline,14
0.3689734433333333,0.002591295610331294,0.36158,0.376956,0.015376,0.19005585240909828,0.02577197328221681,63.0,0.002082896683686504,0.002058752097372,S3,baseline,15
0.3989802166666667,0.06436270179969443,0.321862,0.538394,0.21653200000000006,0.7958569308459795,-0.7581385420012721,17.0,0.017800935875666685,0.06268202220185186,S3,stress,1
2.14149002,1.1408811842264293,0.521737,4.330267,3.80853,0.07698868313233595,-1.3283931783695149,13.0,0.3502754448585819,1.109932559563207,S3,stress,2
3.87475652,0.386063646536582,3.113156,5.059725,1.9465690000000002,0.2789409417692013,0.1660076145577447,12.0,0.48829069669188413,0.2985921679211411,S3,stress,3
4.5780536199999995,0.4586093482960295,3.776766,5.55524,1.7784740000000006,-0.05218701107602165,-0.9832341525536603,13.0,0.47077450463703746,0.3617433572541486,S3,stress,4
4.2317218766666675,0.37835796025122576,3.51539,5.063569,1.5481790000000002,-0.18538520863434826,-0.974879300838777,4.0,0.288529231861045,0.3672616817724352,S3,stress,5
2.9983822699999996,0.2919939267046784,2.58484,3.582095,0.997255,0.31662172844772385,-1.1427081022290468,8.0,0.041585305453280534,0.2929888525638027,S3,stress,6
2.311842136666667,0.13917363339834882,2.070655,2.580996,0.5103409999999999,0.016899825334492444,-1.1395358275290308,11.0,0.03084836905948546,0.1388928410873589,S3,stress,7
1.8712332799999998,0.11633526021146069,1.675233,2.078342,0.40310900000000016,0.020280405572491188,-1.160390979773394,33.0,0.006520187040687305,0.1160301638280327,S3,stress,8
0.19702049666666668,0.010647584841486616,0.175513,0.225401,0.04988799999999999,0.4057939565746147,-0.5462212585195383,40.0,0.00317437653846908,0.01051907265414265,S4,baseline,1
0.1735562566666667,0.005759028224517475,0.157605,0.183188,0.025582999999999995,-0.20391688079844322,-1.1421469149373085,76.0,0.002676766015272797,0.005478689696167776,S4,baseline,2
0.15656452333333334,0.003558428360403258,0.144813,0.164001,0.01918800000000001,-0.0772229519870874,-0.5037514904647993,69.0,0.002468726881804345,0.0031572204648392557,S4,baseline,3
0.14532918333333333,0.003357091410192598,0.135859,0.152488,0.016629000000000005,-0.1387898258323169,-0.7124301444585983,84.0,0.0025579544928221506,0.0029390597534907207,S4,baseline,4
0.13788426999999998,0.0025805317069226845,0.128184,0.143534,0.015350000000000003,-0.5307631482636772,0.7925608563307049,71.0,0.0025155273291741697,0.0020598915476733016,S4,baseline,5
0.12818826666666666,0.0025742407428642404,0.117951,0.137138,0.01918700000000001,0.5774450657426263,3.8233630788851705,75.0,0.002823585752664644,0.0014597556069452684,S4,baseline,6
0.12552342333333333,0.0017510270521769633,0.116671,0.129463,0.012791999999999998,-1.8299059921827163,5.540558558786417,76.0,0.002867357145906564,0.0007165918003741025,S4,baseline,7
0.12214202666666665,0.004391718974686585,0.107717,0.126905,0.019187999999999997,-0.8917649303274212,-0.46343636384886144,77.0,0.002422164263646235,0.004099746647280228,S4,baseline,8
0.12046206666666667,0.0017010792835399767,0.112834,0.123067,0.010232999999999992,-1.4796899197724414,4.307566458826303,80.0,0.002564345953667647,0.0006724528664329311,S4,baseline,9
0.12112288333333335,0.0015186456629912768,0.114113,0.124346,0.010232999999999992,-1.7182285454937962,5.288017426227162,79.0,0.002408335177209316,0.0005791635993564211,S4,baseline,10
0.12075197,0.0015876296574138414,0.114113,0.124346,0.010232999999999992,-1.7533085325813214,5.136195062970634,68.0,0.0026913956915749432,0.0003527848020778516,S4,baseline,11
0.12110155999999998,0.0016223359453988952,0.114113,0.124346,0.010232999999999992,-1.59253863957235,3.9875840366411954,71.0,0.0026413785415058256,0.00040227996472872243,S4,baseline,12
0.10871060333333332,0.0048608719121150355,0.098763,0.132021,0.033257999999999996,1.259057737926421,2.3950286590861247,43.0,0.0039764263551642426,0.004097054254519446,S4,baseline,13
0.11493164333333333,0.004784621394578211,0.10388,0.128184,0.024303999999999992,0.5634280314068476,0.32277659075401033,31.0,0.003678147978988277,0.003324582173899494,S4,baseline,14
0.11739201666666667,0.0021656843944556866,0.108996,0.123067,0.014071,-0.35194893865790694,0.7837451895597303,74.0,0.0023262934632241436,0.0016051280945378894,S4,baseline,15
1.9081465533333335,0.2483979951678767,1.354981,2.45409,1.099109,-0.37583776314871786,-0.38135105634412936,11.0,0.2226811913369232,0.2162518689172341,S4,stress,1
2.4348211300000004,0.22875847756146603,1.984113,2.996245,1.012132,0.09840073866850654,-0.499649505308851,11.0,0.2626644533903491,0.1681723986687043,S4,stress,2
2.6161058633333334,0.14839319420570246,2.410078,3.111371,0.7012930000000002,1.115596547232704,0.7664846186243643,9.0,0.25229946850450485,0.09009566351502826,S4,stress,3
2.4155598566666665,0.1048201379205484,2.213085,2.658543,0.4454579999999999,-0.01574057090964602,-0.6319348849373734,14.0,0.10000898962829849,0.0916597520042398,S4,stress,4
2.609716216666667,0.20940404061869577,2.228435,3.117766,0.8893309999999999,0.13106580781528082,-0.634427913984664,10.0,0.23126091376757682,0.1714373062573584,S4,stress,5
2.5718773666666666,0.16930827906039392,2.262973,3.119045,0.8560719999999997,0.5556629992675873,0.8044768605238843,10.0,0.14177148753655608,0.150640747890226,S4,stress,6
2.2062712,0.11328041956166417,2.031442,2.672309,0.6408669999999996,1.682675330754265,3.3967596632775545,9.0,0.11616259296374702,0.08110766502444831,S4,stress,7
2.1026372366666664,0.08636196351485216,1.961088,2.388852,0.42776400000000003,0.777393544051157,0.9789586619174542,9.0,0.08468075524060718,0.05865104567455489,S4,stress,8
1.1801627466666667,0.13640842142515427,0.696081,1.361132,0.6650510000000001,-1.0630417514778103,1.4331363099637469,11.0,0.15153650465507493,0.09853581164605965,S5,baseline,1
1.0432331233333332,0.04770544903622774,0.861065,1.156501,0.29543600000000003,-0.010813302661108056,-0.050880271410100875,4.0,0.14562662524099734,0.036503514344906195,S5,baseline,2
0.9493757100000001,0.033289958087576,0.859786,1.000469,0.140683,-0.1438508353940201,-1.0484509709691405,3.0,0.006837183071478511,0.029341627696614123,S5,baseline,3
0.8561960000000001,0.027306213695665195,0.777933,0.898154,0.12022100000000002,-0.4096230823696708,-1.0953474285893672,27.0,0.006714889523675229,0.02542935306838682,S5,baseline,4
0.78114755,0.014376792241230313,0.753633,0.831649,0.07801599999999997,0.4853766348329053,0.22675353289139855,31.0,0.006128755360624569,0.013625618927370657,S5,baseline,5
0.77164928,0.005196893589597539,0.760028,0.786886,0.026857999999999937,0.357068145372866,-0.02653601545252604,69.0,0.003778003013062258,0.004275806433975598,S5,baseline,6
0.7737892166666667,0.002918828007332555,0.762586,0.779212,0.01662600000000003,-0.5540098221922098,0.16437061752442972,83.0,0.003362104595824833,0.0020814230809520708,S5,baseline,7
0.75810976,0.0191286364419701,0.705033,0.774096,0.06906299999999999,-1.767161895698814,1.5539602973852058,31.0,0.005777383471806945,0.01676101647696969,S5,baseline,8
0.7765008166666667,0.011524678935356757,0.710149,0.790723,0.08057399999999992,-1.6126582473092732,4.221343166756766,32.0,0.006163948554161553,0.009229380885874732,S5,baseline,9
0.7548908966666666,0.01393928025733953,0.726775,0.785607,0.058832000000000106,0.1058605040262889,-0.9468580556420645,47.0,0.005245110733355119,0.01326944964665213,S5,baseline,10
0.7544305866666667,0.01751703147860644,0.685849,0.795838,0.109989,0.7498205930964251,0.15500609616973726,37.0,0.009519758913672181,0.015819793183901698,S5,baseline,11
0.75008208,0.018237937893128154,0.703754,0.777933,0.074179,-0.34398561117817195,-1.2215637416404863,62.0,0.003523326401839151,0.01806250404062333,S5,baseline,12
0.6858962533333333,0.07372729703207505,0.493939,0.77147,0.27753099999999997,-1.3849660754087243,0.6442625606296493,6.0,0.05232204090458181,0.06487454567283044,S5,baseline,13
0.7870642733333333,0.005290308928467431,0.767633,0.797048,0.02941499999999997,-1.0607868797043878,0.9891255913279928,71.0,0.004426603893071107,0.005242200278023866,S5,baseline,14
0.7828009933333334,0.006771692911915668,0.739496,0.793212,0.053715999999999986,-2.9367776894813025,12.842007494855666,49.0,0.005281318269838354,0.0036754675048948906,S5,baseline,15
2.5507491633333332,0.14493185909257492,2.265123,2.876458,0.611335,0.2601709371697785,-0.4911938721400837,17.0,0.1108894804645023,0.13262437875460534,S5,stress,1
2.8779058333333336,0.15575179226925628,2.648806,3.24382,0.5950139999999999,0.3035121444096516,-1.2570843230084492,13.0,0.15047649671096902,0.13756692101919113,S5,stress,2
3.38316028,0.21197664043163245,3.016168,3.940471,0.9243030000000001,0.3901804315017935,-1.1102606783014504,18.0,0.0902731879799587,0.20282013510885116,S5,stress,3
3.69250482,0.10724529394446297,3.448077,3.889313,0.44123599999999996,-0.45475212227838707,-0.6239882839429676,16.0,0.06830130116920687,0.10224505530224703,S5,stress,4
3.4849407533333334,0.07262837253038573,3.288209,3.706424,0.418215,0.12855135901446263,0.47759367313308676,13.0,0.08375757236372243,0.05351031407734393,S5,stress,5
3.664234033333334,0.1924615290552172,3.174383,4.054443,0.8800599999999998,0.08212309960562976,-0.7222114634026173,12.0,0.10330563654533388,0.17002323251813203,S5,stress,6
4.093273333333333,0.16240250748077203,3.842139,4.738588,0.896449,1.7597115741808893,4.10625764578147,11.0,0.13371936047689806,0.12950588852562522,S5,stress,7
4.231087523333334,0.13235685728991448,3.899601,4.68871,0.7891090000000003,0.20349421347629304,0.2961688943402132,13.0,0.14698800815396781,0.09928419062869515,S5,stress,8
2.4774510000000003,0.20675431171536263,2.148739,3.017447,0.8687080000000003,0.9125302402103441,0.16385803851400738,12.0,0.08179911219578777,0.20076271917028612,S6,baseline,1
1.8433066799999998,0.17343131073276322,1.520018,2.144902,0.624884,0.11490425995212229,-1.0216389188300514,11.0,0.048720107718676915,0.16975029586506962,S6,baseline,2
1.2765091866666665,0.14697649901696924,1.023589,1.520018,0.496429,-0.13279815800218253,-1.2462457070973905,28.0,0.0071299851875480935,0.14663390493426348,S6,baseline,3
0.9093765533333332,0.06384171752812176,0.803512,1.026147,0.22263499999999992,0.10604861074865102,-1.2097203949578743,38.0,0.0039252982908431246,0.0640973548503695,S6,baseline,4
0.7143910733333333,0.04798068649683908,0.637249,0.803512,0.16626300000000005,0.31978241516526273,-1.1705098809891163,44.0,0.00362837488344436,0.047677858357159895,S6,baseline,5
0.5673465833333334,0.03797031179904095,0.506797,0.639807,0.13300999999999996,0.3155698354895742,-1.1075996325609152,57.0,0.0037027948140909996,0.03805147947951588,S6,baseline,6
0.5418222266666667,0.018574809433260835,0.504239,0.594975,0.09073600000000004,0.5744407142515097,-0.49240135355933345,13.0,0.01980365388524474,0.013107467395189436,S6,baseline,7
0.4887078366666666,0.026008708398982873,0.429992,0.529749,0.09975700000000004,-0.2649786008775315,-0.9110050843663537,11.0,0.01320427978053595,0.022968156972585682,S6,baseline,8
0.40561910333333334,0.016670473521548674,0.380113,0.447897,0.06778400000000001,0.43840834355939035,-0.6528495794652849,27.0,0.004818716347781897,0.01652351178323932,S6,baseline,9
0.38647759,0.01767023866397678,0.35965,0.478591,0.11894099999999996,1.6954936434518526,4.147752388653606,11.0,0.028057912738067736,0.012788933802472617,S6,baseline,10
0.3461354166666667,0.01861814979036287,0.316166,0.386507,0.07034099999999999,-0.012169205142901885,-1.2625146877664857,25.0,0.007007021695900795,0.01850505140296636,S6,baseline,11
0.2977317466666667,0.016044331695726336,0.257334,0.318723,0.06138899999999997,-0.9680726303478677,-0.44887954604067026,51.0,0.0033673430408833298,0.01580379295563327,S6,baseline,12
0.24415676,0.007642800474677677,0.230476,0.261171,0.030695,0.4320065017137697,-0.743921030723202,60.0,0.0027858986849577843,0.007609044328277051,S6,baseline,13
0.2309366,0.004098597951332459,0.220245,0.236871,0.016626000000000002,-0.6459730802805855,-0.7883295130186467,76.0,0.002265740816266555,0.003886586125667859,S6,baseline,14
0.2139608533333333,0.005676662511120027,0.198503,0.225361,0.026857999999999993,0.197093253542258,-1.0155142822454915,72.0,0.002769522257272281,0.005026340660511101,S6,baseline,15
8.227523053333332,0.3126929283957194,7.348423,8.849133,1.5007099999999998,-0.7448290695838072,0.35772798132066663,13.0,0.24784632480425917,0.22561185519949595,S6,stress,1
8.958646429999998,0.2880165672102303,8.232682,9.861891,1.6292089999999995,0.12675821942127777,0.4972254303956749,19.0,0.3240454848692938,0.15634681699672548,S6,stress,2
9.203493113333334,0.1939294588714167,8.771054,9.719929,0.948875000000001,0.1453634096989945,0.00012774255299241588,19.0,0.18192755186597206,0.12482259493645889,S6,stress,3
8.948133943333332,0.22082355414203472,8.269772,9.506345,1.236573,-0.05153499677103419,-0.237926178803189,14.0,0.28253920905134344,0.1095821597416451,S6,stress,4
9.032860273333332,0.15462144916851595,8.742918,9.647029,0.9041110000000003,1.1893822216528493,2.6163611896703487,19.0,0.09775342683333682,0.11240852757438133,S6,stress,5
8.647994783333333,0.18820889958999384,8.386155,9.563897,1.1777420000000003,1.9782459064866635,5.830068148812002,14.0,0.16228595091450024,0.1291603181141737,S6,stress,6
8.812745253333333,0.19127446633893014,8.349003,9.48844,1.139437000000001,0.22196418581824226,0.1566924578164035,11.0,0.2950259073240378,0.13620640392465505,S6,stress,7
8.601909363333334,0.2716877283597071,8.062582,9.249379,1.1867969999999985,0.46868185140490615,-0.6439589824975074,19.0,0.17095049183133584,0.25020411887957517,S6,stress,8
5.823899420000001,0.23225994735692934,5.383298,6.39487,1.0115720000000001,0.1526887665245753,-0.47413092873848184,13.0,0.12497874795892822,0.21825418649998665,S7,baseline,1
5.352621859999999,0.1021366701722439,5.204203,5.646824,0.44262099999999993,0.8190799117811319,-0.06831913592756189,45.0,0.012024370097071082,0.10312252158891097,S7,baseline,2
4.70134745,0.17066683438405414,4.492292,5.238743,0.7464510000000004,1.3371758140843677,1.728488477580267,19.0,0.014393417420775092,0.16657628594950571,S7,baseline,3
4.87569613,0.1289170458966014,4.482058,4.996317,0.514259,-1.666509563639565,2.1681693126965835,21.0,0.018181722563845946,0.12345107539478012,S7,baseline,4
4.842870493333333,0.06443562026661405,4.731512,4.920841,0.18932899999999986,-0.3882368175251983,-1.7324004472944665,35.0,0.01189423667072929,0.06297228415032859,S7,baseline,5
4.7488541,0.03808779672585434,4.688017,4.933633,0.24561600000000006,1.7864382455081882,3.847581946883969,16.0,0.04097782781429332,0.031210363494646197,S7,baseline,6
4.662193340000001,0.07195253344989133,4.476941,4.806987,0.3300460000000003,-1.1652196812813957,0.3888500923922025,10.0,0.0769082378110662,0.06301552385099146,S7,baseline,7
4.680162503333333,0.06373788975679998,4.575443,4.771169,0.1957260000000005,0.08981999349042377,-1.7323142778064309,16.0,0.03281332859521942,0.05992638982279583,S7,baseline,8
4.717457003333334,0.03165867056363321,4.638126,4.76861,0.13048400000000004,-0.7991945995843304,-0.2197515024319685,19.0,0.025540625460131028,0.017610313253592566,S7,baseline,9
4.69432711,0.09820231144532476,4.234424,4.758376,0.5239520000000004,-3.6494287214606707,12.122995183684678,7.0,0.04080307505668751,0.07058718335975833,S7,baseline,10
4.152210346666667,0.0794289482797455,3.979852,4.285594,0.3057419999999995,-0.2710707588409424,-0.841815328617336,16.0,0.02932295462197599,0.07583445686981659,S7,baseline,11
4.268417546666666,0.07124445073080772,4.106498,4.380258,0.2737600000000002,-0.6572228097034623,-0.6566422227054587,19.0,0.021368156884525615,0.0651331721372968,S7,baseline,12
4.366501956666667,0.01932472318684335,4.32653,4.440383,0.11385299999999976,1.5272086792903348,1.8653680234386134,25.0,0.02795855056401735,0.006850166625992281,S7,baseline,13
4.364954096666667,0.07162880463640767,4.22291,4.457013,0.23410300000000017,-0.6642992839136673,-0.9312463953598651,16.0,0.03217788198548593,0.06907971650506366,S7,baseline,14
4.179739840000001,0.032285707644628174,4.135921,4.346998,0.2110770000000004,2.925217497204146,10.646022134093613,45.0,0.010485946065212604,0.020208993417251523,S7,baseline,15
6.335107410000001,0.1367005791727132,6.04775,6.636206,0.5884559999999999,0.1650361095768594,-0.613223739315341,36.0,0.17839596308941122,0.06753122073919883,S7,stress,1
6.55533472,0.2071317861778058,5.991464,7.115355,1.1238910000000004,0.13015382342739018,-0.7037967008889394,17.0,0.26688827006127613,0.1304269938391996,S7,stress,2
6.679181543333334,0.23216349394498148,6.134739,7.299567,1.164828,0.25973873511122386,-0.8195819875799235,31.0,0.2895360778796807,0.12968414175701518,S7,stress,3
6.655713063333335,0.2580468231997428,5.739893,7.221533,1.4816399999999996,-0.4253131178232494,0.27897302493305354,30.0,0.3319534530899352,0.11637304553639458,S7,stress,4
6.821561879999999,0.20808624920045118,6.272899,7.474824,1.2019250000000001,0.46167722564412667,-0.21697717183320187,45.0,0.3207980434245523,0.1535121154886391,S7,stress,5
6.926695043333333,0.08594247330566411,6.682968,7.341782,0.6588140000000005,0.5669610507704048,2.0622786711304593,23.0,0.1631899216416777,0.04644614404187921,S7,stress,6
7.026557616666666,0.10251871119795508,6.762281,7.218974,0.45669300000000046,-0.7521325192060828,-0.3531946853289316,33.0,0.09179981722409154,0.08007906392964088,S7,stress,7
7.162776606666666,0.04978626740208543,7.043717,7.308522,0.26480499999999996,0.02193254527874765,-0.3128351399681053,43.0,0.08125210806604787,0.028496056415072475,S7,stress,8
0.5668433133333333,0.037607271887076424,0.509477,0.648916,0.1394390000000001,0.488071451373142,-0.8647476096253488,64.0,0.0032170859488929787,0.03751768902512622,S8,baseline,1
0.5040469133333333,0.019356829433195465,0.47231,0.577209,0.10489899999999996,1.3479265579187216,2.5922333228180228,16.0,0.0090447395331973,0.016719791325121844,S8,baseline,2
0.44303662333333327,0.01815498474693536,0.410906,0.481265,0.070359,0.29692865935624024,-0.8935265483309647,46.0,0.003382006618211326,0.017685844830625057,S8,baseline,3
0.3948643466666667,0.008705945584856874,0.380204,0.416023,0.03581899999999999,0.6612047764378458,-0.7472729520657784,82.0,0.002819633982746548,0.008691939901362347,S8,baseline,4
0.36080645666666666,0.013022176574397573,0.337989,0.3866,0.048611000000000015,0.34323680124953915,-0.9145944901620262,55.0,0.0030536519219902937,0.012841610051571337,S8,baseline,5
0.3240620933333333,0.01237905538875869,0.295773,0.341827,0.046053999999999984,-0.45187816314408125,-1.1190852071795503,36.0,0.004063734717725769,0.012112317354033269,S8,baseline,6
0.3088816466666667,0.006062493237534829,0.295773,0.326476,0.03070299999999998,-0.2697628270942918,-0.8201797431704714,45.0,0.004267494390430829,0.0046076553076197365,S8,baseline,7
0.29632786333333333,0.005653786886502615,0.280422,0.314962,0.034540000000000015,-0.3371569103872268,-0.5190797888287952,37.0,0.003348917406933623,0.005344084342002295,S8,baseline,8
0.2854541066666667,0.005707048261166965,0.272747,0.317521,0.04477399999999998,1.1133411658848842,3.765020624816405,19.0,0.008821184053971174,0.0038045118172983835,S8,baseline,9
0.28122406333333333,0.007026271221588459,0.26763,0.300891,0.03326100000000004,0.5999293208321029,-0.5671766798301916,33.0,0.004814698188766132,0.005275285819390535,S8,baseline,10
0.2700647266666667,0.010283543013894683,0.252279,0.289377,0.03709800000000002,0.29203309387691867,-1.6244990646837627,42.0,0.003283530171185735,0.010107033254855489,S8,baseline,11
0.25665388666666666,0.003587227874997018,0.244603,0.262513,0.01791000000000001,-0.5880357802157519,-0.5628467198728417,68.0,0.002816844795506256,0.003022851920990646,S8,baseline,12
0.25663690666666666,0.0021051061393562963,0.247162,0.261234,0.014072000000000029,-1.3814671914578305,2.9772928035644353,76.0,0.0029686015271339497,0.0009840769518594855,S8,baseline,13
0.24507239666666664,0.0055030944403419236,0.231811,0.256117,0.024305999999999994,-0.38984115415617443,-0.817480994310142,37.0,0.004097848063865178,0.0051303194286991234,S8,baseline,14
0.23604947,0.0032535694494559915,0.225415,0.248441,0.02302599999999999,0.37645490587671976,0.5854055888421206,41.0,0.003703460382087129,0.0023755197225189973,S8,baseline,15
0.5974934199999999,0.07253761928445773,0.483823,0.758862,0.27503900000000003,0.3837441480646723,-1.0200941385277793,19.0,0.027493958817178258,0.06824540759525535,S8,stress,1
0.7748573433333333,0.04095453176103294,0.680828,0.84841,0.167582,-0.2654684495414458,-0.9587767664949158,26.0,0.03868188006159033,0.03354826809291293,S8,stress,2
0.7519672266666667,0.029808594508775852,0.673153,0.820267,0.14711399999999997,0.037223974207695285,-0.7731621828882664,27.0,0.02719396077676193,0.017024915009137605,S8,stress,3
0.8531859433333334,0.05022160146417863,0.715368,0.939237,0.22386899999999998,-0.5419582582181665,-0.6277399725382007,25.0,0.02846472402389555,0.04032392933655177,S8,stress,4
0.8018495833333332,0.04629235274610399,0.716647,0.918769,0.2021219999999999,0.3571920761355559,-0.5954910995835743,15.0,0.03224086191046013,0.03897070049695615,S8,stress,5
0.7661242733333334,0.017541419929753565,0.735836,0.821546,0.08570999999999995,0.5862388972253285,0.008608937768744607,22.0,0.014293249353383585,0.013076305707150715,S8,stress,6
0.8565162566666668,0.0779504632937106,0.765259,1.065883,0.3006239999999999,1.0109507487702938,-0.3648984298603599,19.0,0.03397550288256344,0.0706853627515284,S8,stress,7
0.8131802633333334,0.0527599184425133,0.733346,0.927793,0.19444699999999993,0.3075657034340369,-1.1067481813116355,13.0,0.015038357192080281,0.05165687201540059,S8,stress,8
0.39644806,0.011469129104530996,0.364831,0.424952,0.06012099999999998,0.5165682438128262,-0.4755460243136529,34.0,0.0050388777492288315,0.010529298664273648,S9,baseline,1
0.35924118000000005,0.013663787655000108,0.33541,0.389135,0.05372500000000002,0.32731573950552195,-0.9228759663218016,58.0,0.0038706983493107692,0.013637475947989601,S9,baseline,2
0.32436660333333334,0.012659647457413216,0.298314,0.346923,0.04860899999999996,0.19142579115169767,-1.2192999122091372,56.0,0.003423583575902459,0.0124330620395213,S9,baseline,3
0.2982884966666667,0.004530938772850742,0.288081,0.307268,0.01918700000000001,0.017002924652938435,-1.0552570938869972,85.0,0.0027400892608218184,0.004075373841646906,S9,baseline,4
0.2839191233333333,0.005237238416836577,0.268893,0.295756,0.026863000000000026,-0.32712280741911615,-0.5719281463705905,52.0,0.002982276523370417,0.004919214149681358,S9,baseline,5
0.27154526333333334,0.005765402225400715,0.253543,0.295756,0.042213,-0.3876634708006917,0.7167221276582754,26.0,0.00551890528880651,0.005154724412985834,S9,baseline,6
0.2503109433333333,0.006199598081606226,0.236914,0.305989,0.069075,2.6906076198929028,21.473155973778184,13.0,0.010781077542386771,0.004555862198438061,S9,baseline,7
0.2508268,0.0069581076129457305,0.236914,0.322618,0.085704,5.519426911507513,47.580587304019986,13.0,0.015776785554256153,0.003760829690364213,S9,baseline,8
0.2421028833333333,0.005466157487948511,0.229239,0.261218,0.03197900000000001,0.7235635746273732,1.361166724985313,24.0,0.005384005683503476,0.004033182243143476,S9,baseline,9
0.23227043,0.003513956872022386,0.222843,0.24203,0.019186999999999982,0.22316043297034183,-0.43236146927280306,79.0,0.0026499771268711325,0.0030515754344713174,S9,baseline,10
0.22674004333333334,0.010381946071977814,0.213889,0.346923,0.13303399999999999,7.6375842944371435,76.1155421017078,2.0,0.07398060136783148,0.004243964551846333,S9,baseline,11
0.2148906233333333,0.0028169759840632126,0.203655,0.221564,0.017909000000000008,-0.5322101847159008,0.732192818016113,64.0,0.003368390601348968,0.0017684969272430805,S9,baseline,12
0.21257956333333336,0.0027563126417955966,0.202376,0.219005,0.016629000000000005,-0.4357656773665408,0.655645001440833,54.0,0.0035718837843565433,0.001430828704282634,S9,baseline,13
0.21565813333333334,0.0026472472297757858,0.203655,0.220284,0.016629000000000005,-1.0386488994853407,1.6016660278586001,86.0,0.002753182668217292,0.002449988790851784,S9,baseline,14
0.2161613066666667,0.0033110680018118414,0.206214,0.224122,0.01790799999999998,0.32780352243464767,-0.3374545736344432,76.0,0.0026698996092030594,0.002617927925722342,S9,baseline,15
0.9278775700000002,0.02113303217725985,0.871453,0.980183,0.10873,0.34555819695479706,-0.21360488967788926,21.0,0.010506464355916886,0.01685294297678351,S9,stress,1
0.9695105066666667,0.021440308073267564,0.920062,1.014721,0.09465899999999994,0.09882876756795445,-0.9363479631211149,28.0,0.010989015931011193,0.018688117542816,S9,stress,2
1.0349487700000002,0.02376044694116183,0.978904,1.104263,0.125359,0.3031148040717794,-0.04629250329860657,20.0,0.028573494457484465,0.015383926665941301,S9,stress,3
1.06054077,0.03022103546676995,0.958437,1.168222,0.2097850000000001,1.1846365917563357,2.529836132269321,23.0,0.020995236247631208,0.023669315023698505,S9,stress,4
1.1490596633333334,0.030056493791247876,1.074842,1.234739,0.15989699999999996,0.575966496683085,-0.19907625100170545,24.0,0.01764127759517041,0.024782071245899626,S9,stress,5
1.1330103,0.017973036194718652,1.097867,1.183572,0.08570500000000014,0.5144499768792434,0.024159236341217305,26.0,0.011153396617469846,0.01404382103390341,S9,stress,6
1.1279788599999998,0.026400250336446947,1.082517,1.220668,0.13815100000000013,1.5818535339077828,2.9313933036565305,23.0,0.013307202500584165,0.020899915035450085,S9,stress,7
1.1821348066666666,0.027061569638929344,1.123451,1.284627,0.16117599999999999,0.9614320726850042,1.8981792745032453,15.0,0.021025825856191616,0.018088890205140984,S9,stress,8
