ibi_mean,ibi_std,ibi_min,ibi_max,ibi_range,ibi_median,subject,label,window
1.8707386363636365,2.568038040273415,0.4375,9.578125,9.140625,0.828125,S10,baseline,1
2.21875,4.2362052087112705,0.296875,16.1875,15.890625,0.9140625,S10,baseline,2
1.3697916666666667,0.9327425585634848,0.359375,2.609375,2.25,1.140625,S10,baseline,3
1.059375,0.28902449074429665,0.59375,1.390625,0.796875,1.0625,S10,baseline,4
2.5625,3.143053321165185,0.296875,7.984375,7.6875,0.984375,S10,baseline,5
3.8958333333333335,3.983717946912853,0.59375,9.5,8.90625,1.59375,S10,baseline,7
4.669270833333333,8.267807567991456,0.3125,23.140625,22.828125,1.171875,S10,baseline,9
1.7578125,1.1796875,0.578125,2.9375,2.359375,1.7578125,S10,baseline,10
2.1653645833333335,3.0093810732278334,0.3125,10.015625,9.703125,1.0,S10,baseline,11
1.1848958333333333,1.5345260625173947,0.296875,6.09375,5.796875,0.6640625,S10,baseline,12
1.328125,0.984375,0.34375,2.3125,1.96875,1.328125,S10,baseline,13
2.1744791666666665,2.7712457106197697,0.515625,8.328125,7.8125,1.1484375,S10,baseline,14
0.7777777777777778,0.3463269708760391,0.3125,1.28125,0.96875,0.671875,S10,baseline,15
1.1026785714285714,0.44003230328428555,0.46875,1.734375,1.265625,1.140625,S10,baseline,17
1.1510416666666667,0.17414847393021343,0.90625,1.296875,0.390625,1.25,S10,baseline,18
0.703125,0.1818819801066065,0.40625,0.984375,0.578125,0.7578125,S10,baseline,19
1.7630208333333333,1.2487759849162188,0.53125,4.34375,3.8125,1.5078125,S10,baseline,20
2.7375,2.8211741239242927,0.296875,8.25,7.953125,1.890625,S10,baseline,21
1.84375,1.21875,0.625,3.0625,2.4375,1.84375,S10,baseline,22
2.232421875,4.4673664645585225,0.3125,14.046875,13.734375,0.6171875,S10,baseline,23
13.90625,13.09375,0.8125,27.0,26.1875,13.90625,S10,baseline,24
3.66796875,6.098879801969145,0.328125,19.734375,19.40625,1.4140625,S10,baseline,25
2.4348958333333335,3.2598622981179695,0.390625,10.203125,9.8125,1.0859375,S10,baseline,26
1.24375,0.9129119361280146,0.296875,3.390625,3.09375,1.046875,S10,baseline,27
2.62890625,2.670832558888181,0.59375,7.125,6.53125,1.3984375,S10,baseline,28
1.7589285714285714,1.522314882683874,0.453125,5.390625,4.9375,1.359375,S10,baseline,29
0.5954861111111112,0.24896099680893544,0.296875,1.125,0.828125,0.625,S10,baseline,32
1.064453125,0.4906621639487391,0.3125,1.953125,1.640625,0.9921875,S10,baseline,35
2.296875,1.109375,1.1875,3.40625,2.21875,2.296875,S10,baseline,36
1.7388392857142858,2.0465378383319694,0.484375,6.71875,6.234375,1.03125,S10,baseline,37
3.834375,5.977175009463083,0.3125,15.765625,15.453125,0.953125,S10,baseline,38
0.9427083333333334,0.4997286590129576,0.40625,1.609375,1.203125,0.8125,S10,baseline,39
2.240625,1.1417631308091007,1.296875,4.421875,3.125,1.484375,S10,stress,1
5.6125,3.9433166362530416,1.390625,12.28125,10.890625,3.65625,S10,stress,2
2.58125,4.829094765067258,0.5,17.015625,16.515625,0.9765625,S10,stress,3
4.31875,5.220860351752381,0.359375,14.078125,13.71875,0.984375,S10,stress,4
4.046875,6.217454324822177,0.328125,16.453125,16.125,1.3125,S10,stress,5
3.3151041666666665,2.4054621387850763,0.71875,7.890625,7.171875,2.7265625,S10,stress,6
4.231770833333333,5.960832831831903,0.65625,17.484375,16.828125,1.625,S10,stress,8
4.0875,2.985783371872447,0.296875,8.03125,7.734375,3.671875,S10,stress,9
2.7395833333333335,1.2886178736559397,1.171875,4.328125,3.15625,2.71875,S10,stress,10
2.934375,2.8189578637326242,0.6875,8.40625,7.71875,1.921875,S10,stress,12
0.802734375,0.29356060009431506,0.3125,1.234375,0.921875,0.859375,S10,stress,14
0.9,0.39953586353417636,0.625,1.6875,1.0625,0.734375,S10,stress,15
0.6625,0.22590961964909773,0.390625,1.03125,0.640625,0.5625,S10,stress,18
2.74375,3.6962898416858487,0.640625,10.125,9.484375,1.03125,S10,stress,19
6.9765625,0.3671875,6.609375,7.34375,0.734375,6.9765625,S10,stress,20
12.4765625,5.2890625,7.1875,17.765625,10.578125,12.4765625,S10,stress,21
5.12109375,6.295269404093616,0.5625,15.96875,15.40625,1.9765625,S10,stress,22
10.078125,8.203125,1.875,18.28125,16.40625,10.078125,S10,stress,23
3.203125,3.1539544044606393,0.59375,7.640625,7.046875,1.375,S10,stress,24
5.53125,4.421875,1.109375,9.953125,8.84375,5.53125,S11,baseline,1
0.90625,0.421875,0.484375,1.328125,0.84375,0.90625,S11,baseline,9
1.1171875,0.0234375,1.09375,1.140625,0.046875,1.1171875,S11,baseline,13
4.1625,3.0953057956767376,0.984375,9.875,8.890625,3.4375,S11,baseline,14
1.4427083333333333,0.7681541276911091,0.390625,2.203125,1.8125,1.734375,S11,baseline,17
7.0234375,3.0859375,3.9375,10.109375,6.171875,7.0234375,S11,baseline,21
4.239583333333333,4.897473129640994,0.46875,11.15625,10.6875,1.09375,S11,baseline,22
2.58203125,0.7091215647226415,1.5625,3.375,1.8125,2.6953125,S11,baseline,24
4.484375,3.5993841704172116,1.640625,9.5625,7.921875,2.25,S11,baseline,25
2.6354166666666665,1.1346757903936946,1.109375,3.828125,2.71875,2.96875,S11,baseline,27
6.057291666666667,7.028788149263158,0.296875,15.953125,15.65625,1.921875,S11,baseline,28
1.0520833333333333,0.3503935039907117,0.453125,1.40625,0.953125,1.15625,S11,baseline,33
1.3828125,0.6104257767380487,0.53125,2.078125,1.546875,1.4609375,S11,baseline,38
4.0625,2.3531409085340953,1.640625,7.25,5.609375,3.296875,S11,stress,1
11.4375,6.796875,4.640625,18.234375,13.59375,11.4375,S11,stress,2
8.46875,5.407348756360798,1.5625,14.765625,13.203125,9.078125,S11,stress,3
13.7421875,8.9765625,4.765625,22.71875,17.953125,13.7421875,S11,stress,7
4.135416666666667,1.2926218746268718,1.671875,5.59375,3.921875,4.40625,S11,stress,8
7.817708333333333,6.463493402317787,1.140625,16.5625,15.421875,5.75,S11,stress,9
4.196875,3.008704818937877,1.125,9.609375,8.484375,2.53125,S11,stress,10
2.37109375,0.9956187592985517,0.484375,3.75,3.265625,2.5390625,S11,stress,11
0.8854166666666666,0.7230397349615949,0.390625,2.75,2.359375,0.5,S11,stress,13
1.7109375,0.83812505825876,0.59375,2.6875,2.09375,1.78125,S11,stress,14
3.747767857142857,6.2965921183990226,0.328125,18.984375,18.65625,0.953125,S11,stress,15
1.71484375,1.2976924663820344,0.421875,3.859375,3.4375,1.2890625,S11,stress,17
4.390625,2.8125,1.578125,7.203125,5.625,4.390625,S13,baseline,1
3.5,2.0625,1.4375,5.5625,4.125,3.5,S13,baseline,2
3.46875,2.901698144283053,0.703125,7.890625,7.1875,2.265625,S13,baseline,3
1.2890625,0.1328125,1.15625,1.421875,0.265625,1.2890625,S13,baseline,4
1.7875,0.6718822674025562,1.234375,3.09375,1.859375,1.5,S13,baseline,5
5.0,3.4375,1.5625,8.4375,6.875,5.0,S13,baseline,9
2.171875,1.5684651758367159,0.453125,5.890625,5.4375,2.1171875,S13,baseline,10
4.25,3.880666220186941,0.359375,11.796875,11.4375,3.140625,S13,baseline,11
1.465625,1.0669667139840868,0.40625,3.21875,2.8125,0.859375,S13,baseline,12
7.0546875,4.6640625,2.390625,11.71875,9.328125,7.0546875,S13,baseline,13
4.39453125,3.4141317748978564,0.46875,9.734375,9.265625,3.6875,S13,baseline,14
1.671875,0.5338173259646037,0.71875,2.15625,1.4375,1.875,S13,baseline,15
3.9263392857142856,6.426224925172093,0.515625,19.546875,19.03125,0.984375,S13,baseline,19
7.989583333333333,5.876666614967386,3.625,16.296875,12.671875,4.046875,S13,baseline,21
12.3203125,3.4765625,8.84375,15.796875,6.953125,12.3203125,S13,baseline,22
0.9270833333333334,0.22904826486766688,0.609375,1.140625,0.53125,1.03125,S13,baseline,23
5.82421875,8.178358259653473,0.796875,19.984375,19.1875,1.2578125,S13,baseline,25
4.9921875,4.3828125,0.609375,9.375,8.765625,4.9921875,S13,baseline,26
2.9739583333333335,2.9596030505819337,0.578125,7.53125,6.953125,1.15625,S13,baseline,29
2.12109375,0.6914283188568339,1.0,2.84375,1.84375,2.3203125,S13,baseline,30
4.046875,6.040844053193229,0.671875,16.109375,15.4375,0.890625,S13,baseline,31
5.3125,4.650098180247111,0.3125,12.859375,12.546875,4.0390625,S13,baseline,34
1.4114583333333333,0.8173267421736684,0.4375,2.4375,2.0,1.359375,S13,baseline,35
3.03125,2.4375,0.59375,5.46875,4.875,3.03125,S13,baseline,36
2.25,1.8128367144133528,0.640625,5.328125,4.6875,1.515625,S13,baseline,37
2.3177083333333335,0.8245632261318042,1.203125,3.171875,1.96875,2.578125,S13,baseline,38
4.23828125,3.4390865479338677,1.34375,10.046875,8.703125,2.78125,S13,baseline,39
7.609375,5.875,1.734375,13.484375,11.75,7.609375,S13,stress,7
5.828125,4.28125,1.546875,10.109375,8.5625,5.828125,S13,stress,8
6.546875,2.0797397392011576,3.140625,8.390625,5.25,7.328125,S13,stress,9
3.31875,1.6612130827350235,0.90625,5.875,4.96875,2.9375,S13,stress,10
4.12890625,2.0788407778115636,1.25,7.109375,5.859375,4.078125,S13,stress,11
4.6875,4.390625,0.296875,9.078125,8.78125,4.6875,S13,stress,12
13.4921875,2.0078125,11.484375,15.5,4.015625,13.4921875,S13,stress,14
6.828125,7.60321234022995,0.53125,19.65625,19.125,3.5625,S13,stress,15
4.171875,2.68879420146141,1.578125,8.328125,6.75,3.390625,S13,stress,16
4.375,4.060656633066464,1.0625,10.09375,9.03125,1.96875,S13,stress,17
6.91796875,6.26787848152624,1.15625,17.4375,16.28125,4.5390625,S13,stress,19
14.5234375,4.9453125,9.578125,19.46875,9.890625,14.5234375,S13,stress,21
9.7265625,8.1171875,1.609375,17.84375,16.234375,9.7265625,S13,stress,22
1.109375,0.5625,0.546875,1.671875,1.125,1.109375,S14,baseline,4
1.5078125,0.3515625,1.15625,1.859375,0.703125,1.5078125,S14,baseline,12
0.9609375,0.1015625,0.859375,1.0625,0.203125,0.9609375,S14,baseline,16
9.0390625,8.0234375,1.015625,17.0625,16.046875,9.0390625,S14,baseline,29
4.5234375,1.3828125,3.140625,5.90625,2.765625,4.5234375,S14,baseline,38
6.385416666666667,2.529041388989556,2.8125,8.3125,5.5,8.03125,S14,stress,1
5.536458333333333,2.6160043449197268,1.953125,8.125,6.171875,6.53125,S14,stress,2
6.55078125,4.720216232777868,1.171875,14.125,12.953125,5.453125,S14,stress,5
8.708333333333334,6.309422379575557,1.65625,16.96875,15.3125,7.5,S14,stress,6
5.734375,3.643272910447418,1.734375,10.546875,8.8125,4.921875,S14,stress,7
4.734375,3.9429154227867986,0.3125,11.609375,11.296875,3.015625,S14,stress,8
7.5078125,5.8984375,1.609375,13.40625,11.796875,7.5078125,S14,stress,9
6.05078125,3.669503472856333,1.8125,11.515625,9.703125,5.4375,S14,stress,10
10.7265625,6.4296875,4.296875,17.15625,12.859375,10.7265625,S14,stress,11
4.763020833333333,2.9064098391678703,1.046875,10.078125,9.03125,3.671875,S14,stress,12
5.33203125,7.420907626100543,0.328125,18.140625,17.8125,1.4296875,S14,stress,13
0.64375,0.29608997084219746,0.296875,1.078125,0.78125,0.578125,S15,baseline,1
2.322265625,1.4852985921891209,0.671875,5.578125,4.90625,2.1484375,S15,baseline,2
0.73125,0.4520353277123371,0.296875,1.515625,1.21875,0.59375,S15,baseline,3
3.21875,2.296065853319059,0.953125,8.921875,7.96875,2.375,S15,baseline,4
2.346875,3.3962352778481053,0.296875,11.953125,11.65625,0.90625,S15,baseline,5
2.5482954545454546,4.449579701893435,0.3125,15.40625,15.09375,0.609375,S15,baseline,6
5.494791666666667,6.136128460408801,0.703125,14.15625,13.453125,1.625,S15,baseline,7
0.8020833333333334,0.36599429355751795,0.359375,1.65625,1.296875,0.71875,S15,baseline,8
2.7201704545454546,5.458958175994031,0.578125,19.953125,19.375,0.921875,S15,baseline,9
4.646875,6.933561663658152,0.53125,18.484375,17.953125,1.171875,S15,baseline,10
3.775,5.908585847624624,0.375,15.5625,15.1875,0.71875,S15,baseline,11
0.5989583333333334,0.2681659512886667,0.296875,1.21875,0.921875,0.578125,S15,baseline,12
2.703125,3.91931564896858,0.359375,10.53125,10.171875,0.890625,S15,baseline,13
1.2869318181818181,0.9249940668784479,0.328125,2.671875,2.34375,1.171875,S15,baseline,14
1.9140625,1.6262953070648793,0.734375,4.8125,4.078125,1.0234375,S15,baseline,15
10.21875,4.5,5.71875,14.71875,9.0,10.21875,S15,baseline,16
2.5078125,3.0017999971111085,0.3125,7.671875,7.359375,1.0234375,S15,baseline,17
6.62109375,4.465503286807904,1.28125,12.75,11.46875,6.2265625,S15,baseline,18
3.5,3.8723259062360884,0.40625,11.625,11.21875,1.296875,S15,baseline,19
2.2430555555555554,3.933185681423199,0.390625,13.328125,12.9375,0.859375,S15,baseline,20
2.515625,3.7612368845614754,0.296875,11.609375,11.3125,0.96875,S15,baseline,25
0.7291666666666666,0.3057429191966494,0.296875,0.953125,0.65625,0.9375,S15,baseline,26
4.084821428571429,8.36863788009209,0.4375,24.578125,24.140625,0.65625,S15,baseline,27
7.635416666666667,9.132206177596894,0.921875,20.546875,19.625,1.4375,S15,baseline,30
1.65234375,0.7507219019207029,0.625,3.03125,2.40625,1.625,S15,baseline,31
3.42578125,5.967045885250061,0.296875,19.15625,18.859375,1.28125,S15,baseline,32
2.349609375,4.149930121511414,0.375,13.25,12.875,0.578125,S15,baseline,33
1.921875,1.8607094301188818,0.3125,6.765625,6.453125,1.328125,S15,baseline,34
5.734375,5.652464778564894,1.40625,13.71875,12.3125,2.078125,S15,baseline,35
3.078125,2.9646235419586944,0.328125,9.390625,9.0625,1.640625,S15,baseline,36
5.7375,9.914839533182068,0.5625,25.5625,25.0,0.828125,S15,baseline,37
8.723958333333334,5.781339150964266,1.03125,14.96875,13.9375,10.171875,S15,baseline,38
0.85546875,0.4485729052976645,0.328125,1.53125,1.203125,0.78125,S15,baseline,39
3.736607142857143,6.566189590849833,0.46875,19.796875,19.328125,1.046875,S15,stress,1
4.646875,2.0541877956993124,2.453125,8.328125,5.875,3.953125,S15,stress,2
3.177734375,1.9742287590639627,0.71875,6.4375,5.71875,2.78125,S15,stress,3
2.755859375,2.5308634144897537,0.84375,9.109375,8.265625,1.7109375,S15,stress,4
2.9583333333333335,2.1386408586348065,0.890625,7.21875,6.328125,2.296875,S15,stress,5
1.1890625,0.6065418917158567,0.359375,2.53125,2.171875,1.0859375,S15,stress,6
2.670138888888889,2.648225670040202,0.375,8.984375,8.609375,1.546875,S15,stress,7
0.9145833333333333,0.6730456532724127,0.3125,3.015625,2.703125,0.8125,S15,stress,8
1.2669270833333333,1.1321829848082907,0.34375,3.609375,3.265625,0.6796875,S15,stress,9
1.1852678571428572,0.7743187427062079,0.5,3.296875,2.796875,0.984375,S15,stress,10
1.84375,1.4547761676342745,0.421875,5.40625,4.984375,1.5625,S15,stress,11
1.9375,0.796875,1.140625,2.734375,1.59375,1.9375,S15,stress,12
9.65625,8.59375,1.0625,18.25,17.1875,9.65625,S15,stress,13
1.25,0.9142294185200452,0.390625,2.75,2.359375,0.9296875,S15,stress,15
0.65625,0.3205220351239521,0.3125,1.1875,0.875,0.65625,S15,stress,16
7.0078125,5.3359375,1.671875,12.34375,10.671875,7.0078125,S15,stress,17
6.4765625,5.6796875,0.796875,12.15625,11.359375,6.4765625,S15,stress,18
2.1319444444444446,2.181379223417612,0.375,7.625,7.25,1.171875,S15,stress,19
4.125,4.3525428092380665,1.234375,12.703125,11.46875,1.78125,S15,stress,20
6.619791666666667,3.294129814175345,2.1875,10.078125,7.890625,7.59375,S15,stress,21
3.53125,4.03638239175874,0.46875,11.015625,10.546875,0.890625,S15,stress,22
7.395833333333333,4.68856469390035,2.4375,13.6875,11.25,6.0625,S16,baseline,1
13.296875,4.046875,9.25,17.34375,8.09375,13.296875,S16,baseline,2
1.79375,1.1068589425712745,0.375,3.40625,3.03125,1.546875,S16,baseline,3
5.421875,3.734375,1.6875,9.15625,7.46875,5.421875,S16,baseline,7
8.28125,10.082601557468521,0.71875,22.53125,21.8125,1.59375,S16,baseline,10
2.2413194444444446,3.6439289007497297,0.421875,12.515625,12.09375,1.0625,S16,baseline,11
3.5390625,2.7109375,0.828125,6.25,5.421875,3.5390625,S16,baseline,12
3.6484375,0.3203125,3.328125,3.96875,0.640625,3.6484375,S16,baseline,13
4.7375,6.730305469943397,1.0,18.171875,17.171875,1.28125,S16,baseline,15
4.59375,4.463675367503592,0.3125,13.859375,13.546875,3.3671875,S16,baseline,16
3.328125,2.484375,0.84375,5.8125,4.96875,3.328125,S16,baseline,23
1.2552083333333333,0.3667347237975822,0.75,1.609375,0.859375,1.40625,S16,baseline,24
2.921875,2.1676836805822246,0.296875,6.109375,5.8125,2.640625,S16,baseline,25
1.125,0.4323355901380316,0.453125,1.625,1.171875,1.109375,S16,baseline,27
3.378125,5.001790694966154,0.59375,13.359375,12.765625,0.796875,S16,baseline,28
4.3359375,0.8671875,3.46875,5.203125,1.734375,4.3359375,S16,baseline,29
1.8315972222222223,1.9000036803489373,0.375,5.78125,5.40625,0.9375,S16,baseline,30
3.7005208333333335,5.496398979965138,0.625,15.921875,15.296875,1.203125,S16,baseline,31
3.390625,4.1932873564980815,0.78125,12.515625,11.734375,1.3203125,S16,baseline,32
2.6640625,1.0588459685696734,1.421875,4.1875,2.765625,2.5234375,S16,baseline,33
1.859375,1.3718595766027464,0.34375,4.671875,4.328125,1.34375,S16,baseline,36
2.1510416666666665,1.2317240345232459,1.203125,3.890625,2.6875,1.359375,S16,stress,1
2.367897727272727,4.456058959891457,0.34375,16.40625,16.0625,0.953125,S16,stress,3
5.8515625,2.9609375,2.890625,8.8125,5.921875,5.8515625,S16,stress,4
4.6953125,5.865744801542505,0.859375,17.28125,16.421875,1.4609375,S16,stress,5
3.3973214285714284,4.767215463106704,0.53125,14.890625,14.359375,1.21875,S16,stress,6
2.330357142857143,1.1587036156315174,0.875,4.5,3.625,2.359375,S16,stress,7
1.0,0.44852187795022885,0.625,1.75,1.125,0.8125,S16,stress,8
0.7890625,0.42640793903109964,0.34375,1.46875,1.125,0.671875,S16,stress,9
4.73828125,3.529890760941433,1.125,9.484375,8.359375,4.171875,S16,stress,10
2.171875,3.1285819315376338,0.484375,10.234375,9.75,0.84375,S16,stress,11
2.482421875,2.6960419925396395,0.296875,7.125,6.828125,1.1953125,S16,stress,12
5.765625,4.5,1.265625,10.265625,9.0,5.765625,S16,stress,13
3.3828125,2.4609375,0.921875,5.84375,4.921875,3.3828125,S16,stress,21
1.040625,0.5657544741316679,0.53125,2.09375,1.5625,0.984375,S16,stress,22
13.9375,11.109375,2.828125,25.046875,22.21875,13.9375,S17,baseline,3
6.08203125,3.7294746712160665,2.453125,11.828125,9.375,5.0234375,S17,baseline,4
4.865625,4.370249653194883,1.28125,13.234375,11.953125,3.25,S17,baseline,17
2.1171875,1.0390625,1.078125,3.15625,2.078125,2.1171875,S17,baseline,23
1.1875,0.4889259137202106,0.71875,2.25,1.53125,0.96875,S17,baseline,25
0.6145833333333334,0.21738163286155424,0.359375,0.890625,0.53125,0.59375,S17,baseline,27
3.5520833333333335,3.1176301986533863,0.53125,7.84375,7.3125,2.28125,S17,baseline,28
1.571875,1.2704806546146226,0.484375,4.546875,4.0625,0.890625,S17,baseline,37
1.01171875,0.5992116199054284,0.53125,2.03125,1.5,0.7421875,S17,baseline,38
3.1953125,0.6328125,2.5625,3.828125,1.265625,3.1953125,S17,baseline,39
2.6421875,2.1484397727260705,0.53125,8.28125,7.75,1.8984375,S17,stress,1
2.4488636363636362,2.4966782878220877,0.296875,9.125,8.828125,1.40625,S17,stress,2
5.09765625,2.7262015117406833,1.625,8.9375,7.3125,4.9140625,S17,stress,3
5.098958333333333,5.062151694122328,0.78125,12.203125,11.421875,2.3125,S17,stress,4
1.1631944444444444,0.6565025601602126,0.578125,2.8125,2.234375,0.9375,S17,stress,6
5.265625,3.1399447335403057,1.828125,10.375,8.546875,4.4296875,S17,stress,7
3.30859375,1.7602370431967926,0.59375,4.90625,4.3125,3.8671875,S17,stress,8
4.09375,4.692527066289244,0.65625,14.078125,13.421875,2.109375,S17,stress,9
1.7638888888888888,1.2818097617946662,0.390625,3.859375,3.46875,1.296875,S17,stress,10
6.3203125,3.1776521434120584,0.90625,9.015625,8.109375,7.6796875,S17,stress,11
1.353125,0.6194755846681933,0.6875,2.359375,1.671875,1.40625,S17,stress,12
0.8039772727272727,0.6685257309128512,0.296875,2.796875,2.5,0.578125,S17,stress,14
3.015625,2.8806161179077647,0.515625,7.46875,6.953125,1.078125,S17,stress,15
2.005859375,1.4346723526720253,0.359375,5.0625,4.703125,1.9375,S17,stress,16
2.7359375,2.442197496780563,0.609375,9.1875,8.578125,2.1953125,S17,stress,17
1.677734375,1.8306845980157558,0.3125,6.75,6.4375,0.796875,S17,stress,18
1.1633522727272727,1.8985192022772088,0.296875,7.125,6.828125,0.578125,S17,stress,19
0.640625,0.2509746625657658,0.359375,0.96875,0.609375,0.59375,S17,stress,20
0.890625,0.3041060156425716,0.484375,1.421875,0.9375,0.84375,S17,stress,21
7.994791666666667,5.261416984098062,3.890625,15.421875,11.53125,4.671875,S17,stress,22
2.2838541666666665,1.3231960211939395,0.40625,4.296875,3.890625,2.25,S17,stress,23
9.291666666666666,8.551975486530713,0.8125,21.0,20.1875,6.0625,S17,stress,24
2.0424107142857144,0.8839905732223158,0.875,3.5625,2.6875,2.1875,S2,baseline,1
4.18125,3.0040434989776696,2.15625,10.140625,7.984375,2.703125,S2,baseline,2
1.2994791666666667,0.9006840872841073,0.625,3.265625,2.640625,1.03125,S2,baseline,3
3.14453125,5.331347254663186,0.59375,17.203125,16.609375,1.3359375,S2,baseline,4
2.78125,3.314391166124381,0.484375,9.9375,9.453125,1.4921875,S2,baseline,6
5.8625,5.294347664018675,0.921875,14.203125,13.28125,3.296875,S2,baseline,7
9.1953125,8.5234375,0.671875,17.71875,17.046875,9.1953125,S2,baseline,8
1.671875,1.912047195852306,0.453125,5.90625,5.453125,0.8046875,S2,baseline,10
2.7604166666666665,2.164888092116747,0.34375,6.453125,6.109375,2.0625,S2,baseline,11
1.5659722222222223,1.925418449989957,0.40625,6.671875,6.265625,0.71875,S2,baseline,12
1.3645833333333333,1.1448859720028406,0.40625,4.046875,3.640625,0.890625,S2,baseline,13
2.779017857142857,3.5226113971718047,0.359375,11.140625,10.78125,1.765625,S2,baseline,14
0.8125,0.6192443311542437,0.34375,1.6875,1.34375,0.40625,S2,baseline,16
2.4359375,3.7450191530927115,0.3125,13.5625,13.25,1.3359375,S2,baseline,17
0.878125,0.8142049419525774,0.3125,2.46875,2.15625,0.40625,S2,baseline,20
5.578125,0.748370625926753,4.625,6.453125,1.828125,5.65625,S2,baseline,21
2.8515625,1.4296875,1.421875,4.28125,2.859375,2.8515625,S2,baseline,25
1.7109375,0.1796875,1.53125,1.890625,0.359375,1.7109375,S2,baseline,29
2.1927083333333335,1.4038366637441202,0.6875,4.53125,3.84375,1.703125,S2,baseline,30
1.140625,0.28125,0.859375,1.421875,0.5625,1.140625,S2,baseline,31
1.9796875,1.6859375,0.296875,5.203125,4.90625,1.2578125,S2,baseline,34
0.8359375,0.3828125,0.453125,1.21875,0.765625,0.8359375,S2,baseline,35
2.232142857142857,3.1091835073328187,0.328125,9.671875,9.34375,0.921875,S2,baseline,37
1.9791666666666667,1.1962624447860744,0.734375,3.59375,2.859375,1.609375,S2,stress,1
4.46875,6.3151062070443436,0.78125,17.0625,16.28125,1.484375,S2,stress,3
13.0703125,8.1171875,4.953125,21.1875,16.234375,13.0703125,S2,stress,4
3.052734375,3.998885476290892,0.6875,12.90625,12.21875,1.0546875,S2,stress,5
1.96875,1.2447994495672214,0.796875,4.421875,3.625,1.578125,S2,stress,6
2.967013888888889,4.41380019774015,0.40625,14.8125,14.40625,1.0625,S2,stress,7
5.23125,5.112106494636042,1.078125,15.21875,14.140625,3.078125,S2,stress,8
3.8098958333333335,3.1714826402783296,0.734375,10.265625,9.53125,2.4375,S2,stress,9
0.7991071428571429,0.25815771955001715,0.40625,1.203125,0.796875,0.765625,S2,stress,10
2.548828125,3.2085647169294575,0.5625,10.890625,10.328125,1.71875,S2,stress,11
2.9739583333333335,2.2384808332823005,0.828125,6.0625,5.234375,2.03125,S2,stress,12
1.7421875,2.6343421001800906,0.296875,8.65625,8.359375,0.9140625,S2,stress,13
3.1640625,2.9560274262143187,0.296875,7.828125,7.53125,2.265625,S2,stress,14
12.65625,2.5,10.15625,15.15625,5.0,12.65625,S2,stress,16
1.2088068181818181,1.0815527838845926,0.34375,3.421875,3.078125,0.890625,S2,stress,17
6.296875,2.6346857517390316,3.046875,9.5,6.453125,6.34375,S2,stress,18
3.388671875,1.4067151465958236,1.34375,5.78125,4.4375,3.46875,S2,stress,19
2.89453125,2.4968455440612334,0.296875,6.59375,6.296875,1.3125,S2,stress,20
1.6388888888888888,1.8792406391985652,0.359375,6.421875,6.0625,0.640625,S3,baseline,1
2.126953125,2.2756035308118503,0.609375,7.578125,6.96875,1.0859375,S3,baseline,3
4.05,4.968380489404973,0.390625,13.828125,13.4375,2.515625,S3,baseline,4
7.3515625,6.0703125,1.28125,13.421875,12.140625,7.3515625,S3,baseline,5
0.9270833333333334,0.8037725718275178,0.3125,2.0625,1.75,0.40625,S3,baseline,7
1.5546875,0.4296875,1.125,1.984375,0.859375,1.5546875,S3,baseline,8
1.140625,0.3748372042467236,0.828125,1.78125,0.953125,0.9765625,S3,baseline,9
3.23125,3.5118994148466154,0.359375,9.453125,9.09375,0.921875,S3,baseline,11
3.328125,3.7714717317563844,0.6875,9.828125,9.140625,1.3984375,S3,baseline,12
7.015625,5.203125,1.8125,12.21875,10.40625,7.015625,S3,baseline,14
1.296875,1.2820881404958084,0.46875,3.84375,3.375,0.765625,S3,baseline,15
2.435763888888889,2.4825502606557834,0.46875,8.703125,8.234375,1.140625,S3,baseline,16
1.2299107142857142,1.2773982359424076,0.359375,4.328125,3.96875,0.765625,S3,baseline,17
11.484375,6.796875,4.6875,18.28125,13.59375,11.484375,S3,baseline,18
1.0,0.125,0.875,1.125,0.25,1.0,S3,baseline,19
1.12109375,0.8149283872630696,0.421875,2.46875,2.046875,0.796875,S3,baseline,20
2.578125,3.0169301741640044,0.421875,10.078125,9.65625,1.3671875,S3,baseline,21
1.431640625,0.9996928697056083,0.46875,3.140625,2.671875,1.0390625,S3,baseline,30
1.3958333333333333,0.5010297555756766,0.828125,2.046875,1.21875,1.3125,S3,baseline,36
3.2743055555555554,4.357922467532515,0.40625,13.90625,13.5,1.390625,S3,stress,1
3.28125,2.34375,0.9375,5.625,4.6875,3.28125,S3,stress,2
2.97265625,2.2846286784162952,0.96875,8.75,7.78125,2.265625,S3,stress,3
3.5859375,4.877184256262137,0.671875,12.03125,11.359375,0.8203125,S3,stress,4
3.05,3.6061660518825254,0.8125,10.171875,9.359375,1.0625,S3,stress,5
1.0276442307692308,0.9863695804055438,0.296875,3.765625,3.46875,0.671875,S3,stress,6
1.9982638888888888,3.3205111823271847,0.390625,11.234375,10.84375,0.640625,S3,stress,7
3.1629464285714284,2.675740691726731,1.015625,8.296875,7.28125,1.71875,S3,stress,8
6.046875,4.903101597299153,1.234375,13.6875,12.453125,4.6328125,S3,stress,9
5.8625,6.163323981424308,0.78125,16.40625,15.625,1.78125,S3,stress,10
5.4921875,4.2265625,1.265625,9.71875,8.453125,5.4921875,S3,stress,11
2.1197916666666665,1.19162751246865,0.859375,3.71875,2.859375,1.78125,S3,stress,12
2.7552083333333335,1.0706134258633642,1.6875,4.21875,2.53125,2.359375,S3,stress,13
3.546875,2.1351244718790205,0.53125,5.1875,4.65625,4.921875,S3,stress,14
2.3515625,1.290356042899756,0.84375,4.65625,3.8125,2.1015625,S3,stress,15
1.371875,0.7957037961766928,0.796875,2.859375,2.0625,0.84375,S3,stress,16
1.196875,0.5732991147734313,0.640625,2.0625,1.421875,0.90625,S3,stress,18
2.0125,0.8049771929999011,1.34375,3.484375,2.140625,1.53125,S3,stress,19
8.072916666666666,5.669160182085076,3.6875,16.078125,12.390625,4.453125,S3,stress,20
6.42578125,3.084945944338764,2.640625,9.90625,7.265625,6.578125,S3,stress,21
4.947916666666667,4.493744446372708,1.53125,11.296875,9.765625,2.015625,S4,baseline,1
2.08984375,2.519755319493777,0.5625,6.453125,5.890625,0.671875,S4,baseline,2
6.40625,4.59375,1.8125,11.0,9.1875,6.40625,S4,baseline,3
3.29375,2.339212273928982,1.046875,7.03125,5.984375,1.734375,S4,baseline,32
5.7734375,4.3046875,1.46875,10.078125,8.609375,5.7734375,S4,stress,2
6.0546875,5.688288707332703,1.1875,15.75,14.5625,3.640625,S4,stress,4
6.7421875,6.123071483702542,2.609375,17.328125,14.71875,3.515625,S4,stress,5
6.0390625,3.7238754725629923,0.6875,10.984375,10.296875,6.2421875,S4,stress,7
8.177083333333334,5.0762469817906695,2.9375,15.046875,12.109375,6.546875,S4,stress,8
10.5078125,4.3359375,6.171875,14.84375,8.671875,10.5078125,S4,stress,9
6.19140625,7.135916929505604,1.578125,18.53125,16.953125,2.328125,S4,stress,10
2.8854166666666665,3.952328916328602,0.4375,11.578125,11.140625,1.09375,S5,baseline,2
2.842013888888889,4.361775924645944,0.640625,14.71875,14.078125,0.921875,S5,baseline,3
3.7589285714285716,5.312971730256534,0.828125,16.734375,15.90625,1.65625,S5,baseline,4
0.646875,0.28503243601971573,0.3125,1.53125,1.21875,0.578125,S5,baseline,6
2.90625,3.7424402967849733,0.796875,10.375,9.578125,1.046875,S5,baseline,9
3.37890625,6.034380006714002,0.453125,19.3125,18.859375,1.15625,S5,baseline,10
3.29296875,4.548155089888612,0.65625,13.953125,13.296875,0.875,S5,baseline,11
1.560546875,1.6856803973765635,0.4375,5.796875,5.359375,0.8125,S5,baseline,12
5.85625,5.698421862125514,0.78125,15.015625,14.234375,2.28125,S5,baseline,13
3.3854166666666665,2.4828294895754635,0.40625,6.484375,6.078125,3.265625,S5,baseline,14
7.5,9.679734791046705,0.46875,21.1875,20.71875,0.84375,S5,baseline,15
0.65625,0.234375,0.421875,0.890625,0.46875,0.65625,S5,baseline,16
1.3411458333333333,0.7591893991862674,0.359375,2.84375,2.484375,1.171875,S5,baseline,23
1.0770089285714286,0.772438349170013,0.328125,3.265625,2.9375,0.8515625,S5,baseline,24
4.575,4.76515264052475,0.765625,13.765625,13.0,3.328125,S5,baseline,26
6.9921875,0.0078125,6.984375,7.0,0.015625,6.9921875,S5,baseline,27
3.4713541666666665,5.1948164445719485,0.4375,15.015625,14.578125,1.0234375,S5,baseline,28
4.515625,5.744127010885771,0.96875,14.453125,13.484375,1.3203125,S5,baseline,29
3.403125,4.034923229598055,0.921875,11.453125,10.53125,1.65625,S5,baseline,30
2.296875,1.625,0.671875,3.921875,3.25,2.296875,S5,baseline,31
5.70703125,5.740134358711012,0.875,15.28125,14.40625,3.3359375,S5,baseline,32
0.92578125,0.4346131035814354,0.4375,1.625,1.1875,0.8203125,S5,baseline,33
1.4453125,0.34807295953039785,0.953125,1.78125,0.828125,1.5234375,S5,baseline,37
4.26953125,2.713680056351925,0.890625,7.484375,6.59375,4.3515625,S5,stress,7
4.19375,4.546876073883035,0.875,12.90625,12.03125,1.578125,S5,stress,8
3.109375,2.669162853507007,0.421875,7.015625,6.59375,2.1953125,S5,stress,10
4.021875,4.155199585308749,0.5,11.859375,11.359375,2.578125,S5,stress,11
2.4620535714285716,3.3876854969356227,0.484375,10.3125,9.828125,0.6875,S5,stress,12
3.2410714285714284,3.1783378600982104,1.28125,10.953125,9.671875,2.203125,S5,stress,15
1.5104166666666667,0.7783627202696412,0.90625,2.609375,1.703125,1.015625,S5,stress,16
3.7589285714285716,3.2606801799577627,0.875,10.609375,9.734375,1.984375,S6,baseline,1
2.0364583333333335,1.4031988504445436,0.921875,4.015625,3.09375,1.171875,S6,baseline,2
1.3147321428571428,1.0932214466326349,0.375,3.828125,3.453125,1.03125,S6,baseline,4
5.1640625,0.9921875,4.171875,6.15625,1.984375,5.1640625,S6,baseline,5
2.65625,1.5207441469282945,0.734375,4.453125,3.71875,2.78125,S6,baseline,16
5.30859375,4.897613504758434,0.6875,13.1875,12.5,3.6796875,S6,baseline,17
9.3515625,8.1015625,1.25,17.453125,16.203125,9.3515625,S6,baseline,19
4.864583333333333,4.410871050046565,0.890625,11.015625,10.125,2.6875,S6,baseline,23
4.08203125,3.4979481813617803,2.046875,10.140625,8.09375,2.0703125,S6,baseline,24
1.2161458333333333,0.45780775974034366,0.796875,2.125,1.328125,1.0703125,S6,baseline,25
0.796875,0.38273277230987157,0.328125,1.265625,0.9375,0.796875,S6,baseline,30
1.0390625,0.7109375,0.328125,1.75,1.421875,1.0390625,S6,baseline,33
2.971875,1.600579728957605,0.5625,4.9375,4.375,2.984375,S6,baseline,38
5.078125,2.890625,2.1875,7.96875,5.78125,5.078125,S6,baseline,39
4.859375,3.5129086728450543,0.640625,9.03125,8.390625,6.96875,S6,stress,2
10.9453125,9.6171875,1.328125,20.5625,19.234375,10.9453125,S6,stress,3
4.580729166666667,3.751447384161008,0.296875,11.5625,11.265625,3.9765625,S6,stress,4
4.428125,3.800475402005649,0.46875,11.625,11.15625,3.640625,S6,stress,5
5.425,5.634483325359122,1.0625,16.34375,15.28125,2.25,S6,stress,6
5.390625,8.042497292216671,0.328125,19.3125,18.984375,0.9609375,S6,stress,7
6.6640625,9.749126688653002,0.421875,23.53125,23.109375,1.3515625,S6,stress,8
4.401041666666667,4.831727912254119,0.8125,14.90625,14.09375,2.7265625,S6,stress,10
5.24375,6.553659223575025,0.4375,18.078125,17.640625,2.1875,S6,stress,11
9.4921875,1.6328125,7.859375,11.125,3.265625,9.4921875,S6,stress,12
2.03125,0.015625,2.015625,2.046875,0.03125,2.03125,S6,stress,14
11.9375,10.65625,1.28125,22.59375,21.3125,11.9375,S6,stress,16
1.5598958333333333,1.2630960029177536,0.421875,4.125,3.703125,1.28125,S6,stress,17
3.48828125,3.936156997526863,0.90625,10.296875,9.390625,1.375,S6,stress,18
2.5111607142857144,3.227836021648724,0.3125,9.8125,9.5,0.765625,S6,stress,19
1.3640625,1.1910114612300127,0.296875,4.078125,3.78125,0.8828125,S7,baseline,1
1.409375,0.7829606272029265,0.34375,2.765625,2.421875,1.40625,S7,baseline,3
0.625,0.140625,0.484375,0.765625,0.28125,0.625,S7,baseline,10
1.3854166666666667,0.9660861672950757,0.546875,2.96875,2.421875,0.859375,S7,baseline,14
2.521875,2.500460895015157,0.46875,7.359375,6.890625,1.375,S7,baseline,15
3.4036458333333335,2.5154538093062793,0.78125,7.890625,7.109375,2.90625,S7,baseline,18
7.796875,4.84375,2.953125,12.640625,9.6875,7.796875,S7,baseline,21
5.348958333333333,5.5783122245268375,0.78125,13.203125,12.421875,2.0625,S7,baseline,27
3.0885416666666665,2.8408534164367856,0.453125,7.578125,7.125,1.6484375,S7,baseline,30
3.359375,1.7780947932407878,0.9375,5.15625,4.21875,3.984375,S7,baseline,31
1.8984375,1.2109375,0.6875,3.109375,2.421875,1.8984375,S7,baseline,35
1.1666666666666667,0.44930743387895206,0.53125,1.484375,0.953125,1.484375,S7,baseline,38
6.895833333333333,7.774243135946133,0.546875,17.84375,17.296875,2.296875,S7,stress,2
4.365625,1.8976908253848939,0.96875,6.734375,5.765625,4.890625,S7,stress,3
3.33203125,2.2914043854407686,0.84375,8.21875,7.375,3.2578125,S7,stress,4
3.7879464285714284,4.415847712186119,1.0625,13.28125,12.21875,1.28125,S7,stress,5
10.4765625,2.9609375,7.515625,13.4375,5.921875,10.4765625,S7,stress,7
2.9933035714285716,2.015233162751919,0.640625,6.84375,6.203125,2.28125,S7,stress,8
4.41015625,0.9388255602704836,3.046875,5.46875,2.421875,4.5625,S7,stress,9
9.166666666666666,4.298064860508609,5.53125,15.203125,9.671875,6.765625,S7,stress,10
3.59765625,6.547498432055821,0.65625,20.90625,20.25,1.296875,S7,stress,11
5.91015625,8.26367072094355,0.53125,20.171875,19.640625,1.46875,S7,stress,13
4.453125,3.953125,0.5,8.40625,7.90625,4.453125,S7,stress,19
1.953125,1.136099756293434,0.609375,3.390625,2.78125,1.6875,S7,stress,21
0.8958333333333334,0.4093100563414271,0.375,1.375,1.0,0.9375,S8,baseline,4
1.4114583333333333,0.6320350591321832,0.65625,2.203125,1.546875,1.375,S8,baseline,14
1.59375,1.0176662179958613,0.3125,3.125,2.8125,1.46875,S8,baseline,15
5.3828125,4.4140625,0.96875,9.796875,8.828125,5.3828125,S8,baseline,16
3.9765625,6.985311446822868,0.53125,19.578125,19.046875,0.859375,S8,baseline,18
1.8147321428571428,3.4134142851799294,0.359375,14.0,13.640625,0.7109375,S8,baseline,22
7.166666666666667,8.260137526809439,1.046875,18.84375,17.796875,1.609375,S8,baseline,23
3.5989583333333335,2.846905681930042,1.5625,7.625,6.0625,1.609375,S8,baseline,24
5.21484375,2.4357309034825025,2.484375,7.90625,5.421875,5.234375,S8,baseline,25
5.646875,3.9032188239323706,0.8125,11.421875,10.609375,6.5625,S8,baseline,26
5.932291666666667,5.937257853249446,0.875,14.265625,13.390625,2.65625,S8,baseline,32
3.953125,3.1636155805765442,1.078125,8.359375,7.28125,2.421875,S8,baseline,33
3.98046875,3.563140276207167,0.5,9.875,9.375,2.7734375,S8,baseline,37
3.796875,3.046875,0.75,6.84375,6.09375,3.796875,S8,stress,1
4.3375,5.981666325636194,0.40625,16.25,15.84375,1.65625,S8,stress,3
5.3125,2.705810623974357,1.09375,8.640625,7.546875,5.7578125,S8,stress,4
3.35625,2.5967490192065155,0.515625,6.8125,6.296875,1.765625,S8,stress,5
7.286458333333333,2.9764246559654235,3.828125,11.09375,7.265625,6.9375,S8,stress,6
5.78125,4.614007206322937,0.46875,11.71875,11.25,5.15625,S8,stress,8
2.685763888888889,3.68768717483735,0.34375,12.578125,12.234375,1.375,S8,stress,9
7.140625,4.645979304508003,0.6875,11.4375,10.75,9.296875,S8,stress,10
0.934375,0.2481179155159901,0.484375,1.171875,0.6875,1.046875,S8,stress,12
8.03125,7.015625,1.015625,15.046875,14.03125,8.03125,S8,stress,17
1.0338541666666667,0.6102702202741603,0.40625,2.3125,1.90625,0.921875,S8,stress,18
1.078125,0.8900765855391322,0.3125,2.59375,2.28125,0.703125,S8,stress,19
4.151041666666667,3.605400800265562,0.328125,8.984375,8.65625,3.140625,S8,stress,20
4.34765625,5.599828390489273,0.640625,14.015625,13.375,1.3671875,S8,stress,21
4.15625,4.387556386152395,0.40625,10.3125,9.90625,1.75,S8,stress,22
8.84375,5.449758691140982,1.40625,14.3125,12.90625,10.8125,S9,baseline,1
4.15234375,3.681310599432244,0.625,9.609375,8.984375,3.1875,S9,baseline,2
9.213541666666666,11.475051723890932,0.78125,25.4375,24.65625,1.421875,S9,baseline,3
4.35625,3.836863750187124,0.921875,9.890625,8.96875,1.734375,S9,baseline,5
8.489583333333334,9.215680397614287,1.609375,21.515625,19.90625,2.34375,S9,baseline,6
1.140625,0.140625,1.0,1.28125,0.28125,1.140625,S9,baseline,8
7.265625,5.264175894816063,0.328125,13.375,13.046875,7.6796875,S9,baseline,9
10.109375,7.421875,2.6875,17.53125,14.84375,10.109375,S9,baseline,10
2.3359375,1.5073266704355264,0.75,5.25,4.5,1.9375,S9,baseline,12
1.7395833333333333,0.9059206777116613,0.640625,2.859375,2.21875,1.71875,S9,baseline,13
3.9609375,0.2109375,3.75,4.171875,0.421875,3.9609375,S9,baseline,14
12.6640625,11.7578125,0.90625,24.421875,23.515625,12.6640625,S9,baseline,15
3.90625,2.5868291918596293,0.765625,8.640625,7.875,2.90625,S9,baseline,18
4.723958333333333,6.1943135535187075,0.625,18.296875,17.671875,1.7734375,S9,baseline,19
4.340625,5.695156247856595,0.453125,15.65625,15.203125,2.1875,S9,baseline,20
3.65625,3.941512712263846,0.59375,10.3125,9.71875,1.859375,S9,baseline,21
4.671875,0.125,4.546875,4.796875,0.25,4.671875,S9,baseline,23
6.703125,0.6556296671266995,6.0,7.578125,1.578125,6.53125,S9,baseline,24
2.08203125,0.6981923332289517,0.9375,2.8125,1.875,2.2890625,S9,baseline,25
4.140625,0.1875,3.953125,4.328125,0.375,4.140625,S9,baseline,26
3.87890625,3.6252925360141197,1.265625,10.078125,8.8125,2.0859375,S9,baseline,27
2.046875,0.234375,1.8125,2.28125,0.46875,2.046875,S9,baseline,28
4.39375,3.259756988641945,1.421875,8.640625,7.21875,1.9375,S9,baseline,30
10.2109375,9.4609375,0.75,19.671875,18.921875,10.2109375,S9,baseline,31
1.90625,0.8141209791855263,0.578125,2.71875,2.140625,2.0625,S9,baseline,34
11.015625,9.09375,1.921875,20.109375,18.1875,11.015625,S9,baseline,36
11.71875,4.609375,7.109375,16.328125,9.21875,11.71875,S9,baseline,37
4.354166666666667,2.712586804166622,0.578125,6.828125,6.25,5.65625,S9,baseline,38
5.215625,6.325816708635338,1.140625,17.75,16.609375,2.078125,S9,baseline,39
1.9642857142857142,3.0461562142740153,0.609375,9.421875,8.8125,0.75,S9,stress,1
2.157451923076923,2.3681697516116165,0.359375,8.734375,8.375,0.828125,S9,stress,2
3.203125,3.312757949862169,0.390625,10.5625,10.171875,1.9140625,S9,stress,3
3.91796875,3.6904016490152785,0.3125,9.03125,8.71875,3.1640625,S9,stress,4
2.1515625,2.2374547175934643,0.46875,7.6875,7.21875,1.375,S9,stress,5
2.6536458333333335,3.942141533730341,0.53125,11.390625,10.859375,0.71875,S9,stress,6
3.0911458333333335,3.209944679573176,0.71875,10.125,9.40625,1.7265625,S9,stress,7
8.3671875,3.8046875,4.5625,12.171875,7.609375,8.3671875,S9,stress,8
1.17578125,0.7418070570983654,0.34375,2.453125,2.109375,0.9609375,S9,stress,9
3.505859375,2.9314363269921087,0.3125,10.359375,10.046875,3.46875,S9,stress,10
3.8255208333333335,4.591884335102726,0.359375,13.765625,13.40625,2.2421875,S9,stress,11
3.9322916666666665,3.862311916716967,0.609375,11.125,10.515625,2.203125,S9,stress,12
7.927083333333333,6.418070057570959,2.0,16.84375,14.84375,4.9375,S9,stress,13
2.4166666666666665,1.3600832286624553,1.1875,4.3125,3.125,1.75,S9,stress,14
1.5625,0.0625,1.5,1.625,0.125,1.5625,S9,stress,17
5.75390625,2.6971206570836217,1.46875,8.453125,6.984375,6.546875,S9,stress,20
0.9236111111111112,0.35770630432565903,0.296875,1.46875,1.171875,0.875,S9,stress,21
